time	row	1	2	3	4	5	6	7	8	9	10	11	12
0	A	0.089	0.088	0.094	0.114	0.084	0.083	0.084	0.084	0.078	0.079	0.078	0.078
0	B	0.171	0.157	0.155	0.157	0.163	0.157	0.167	0.175	0.149	0.079	0.08	0.078
0	C	0.157	0.149	0.147	0.152	0.155	0.152	0.144	0.212	0.152	0.081	0.08	0.079
0	D	0.168	0.166	0.162	0.164	0.154	0.165	0.161	0.18	0.159	0.082	0.081	0.082
0	E	0.157	0.165	0.153	0.152	0.154	0.161	0.167	0.148	0.167	0.08	0.082	0.08
0	F	0.141	0.147	0.161	0.145	0.151	0.196	0.179	0.15	0.162	0.081	0.08	0.079
0	G	0.166	0.158	0.171	0.163	0.168	0.205	0.178	0.156	0.161	0.081	0.079	0.08
0	H	0.082	0.085	0.087	0.097	0.083	0.083	0.085	0.081	0.126	0.082	0.08	0.079
900	A	0.087	0.083	0.085	0.1	0.083	0.082	0.083	0.083	0.078	0.079	0.078	0.078
900	B	0.168	0.155	0.152	0.154	0.16	0.156	0.158	0.161	0.153	0.079	0.08	0.078
900	C	0.155	0.146	0.147	0.146	0.149	0.147	0.14	0.184	0.148	0.081	0.08	0.079
900	D	0.165	0.16	0.16	0.156	0.152	0.157	0.156	0.161	0.158	0.082	0.081	0.082
900	E	0.155	0.159	0.15	0.145	0.147	0.157	0.16	0.148	0.158	0.08	0.082	0.08
900	F	0.143	0.144	0.16	0.142	0.149	0.185	0.172	0.142	0.149	0.081	0.08	0.08
900	G	0.166	0.158	0.167	0.159	0.165	0.195	0.175	0.158	0.156	0.081	0.079	0.08
900	H	0.081	0.083	0.085	0.089	0.083	0.082	0.083	0.081	0.125	0.082	0.08	0.079
1800	A	0.085	0.083	0.084	0.097	0.083	0.082	0.082	0.082	0.078	0.079	0.078	0.078
1800	B	0.167	0.153	0.149	0.152	0.16	0.159	0.159	0.168	0.16	0.079	0.08	0.078
1800	C	0.156	0.146	0.146	0.148	0.152	0.15	0.144	0.192	0.154	0.08	0.08	0.079
1800	D	0.164	0.16	0.16	0.155	0.154	0.159	0.159	0.164	0.162	0.082	0.081	0.082
1800	E	0.152	0.158	0.147	0.144	0.146	0.157	0.161	0.151	0.158	0.08	0.081	0.08
1800	F	0.143	0.146	0.161	0.145	0.153	0.19	0.172	0.144	0.15	0.081	0.08	0.079
1800	G	0.165	0.157	0.167	0.158	0.164	0.196	0.178	0.158	0.159	0.081	0.079	0.08
1800	H	0.081	0.082	0.084	0.091	0.083	0.082	0.083	0.081	0.116	0.082	0.08	0.079
2700	A	0.084	0.083	0.083	0.093	0.082	0.081	0.082	0.082	0.078	0.079	0.078	0.078
2700	B	0.165	0.153	0.151	0.152	0.159	0.159	0.165	0.179	0.171	0.079	0.08	0.078
2700	C	0.153	0.145	0.145	0.149	0.152	0.151	0.145	0.197	0.159	0.08	0.08	0.079
2700	D	0.162	0.157	0.154	0.154	0.151	0.16	0.161	0.17	0.168	0.082	0.081	0.082
2700	E	0.151	0.155	0.145	0.144	0.147	0.157	0.165	0.157	0.167	0.08	0.081	0.08
2700	F	0.147	0.149	0.167	0.152	0.159	0.2	0.184	0.164	0.169	0.081	0.08	0.08
2700	G	0.16	0.15	0.159	0.154	0.161	0.193	0.181	0.163	0.165	0.081	0.079	0.08
2700	H	0.081	0.082	0.084	0.089	0.083	0.082	0.083	0.081	0.107	0.082	0.08	0.079
3600	A	0.083	0.082	0.083	0.091	0.082	0.081	0.082	0.082	0.078	0.079	0.078	0.078
3600	B	0.162	0.149	0.149	0.151	0.157	0.157	0.168	0.189	0.184	0.079	0.08	0.078
3600	C	0.153	0.145	0.147	0.15	0.153	0.153	0.15	0.212	0.169	0.08	0.08	0.079
3600	D	0.159	0.152	0.153	0.153	0.15	0.159	0.161	0.176	0.177	0.082	0.081	0.082
3600	E	0.149	0.152	0.145	0.143	0.147	0.157	0.164	0.163	0.18	0.08	0.081	0.08
3600	F	0.142	0.144	0.161	0.146	0.155	0.195	0.182	0.162	0.177	0.081	0.08	0.08
3600	G	0.16	0.149	0.162	0.155	0.163	0.196	0.185	0.172	0.19	0.081	0.079	0.08
3600	H	0.081	0.082	0.084	0.088	0.083	0.082	0.082	0.08	0.099	0.081	0.08	0.079
4500	A	0.082	0.082	0.083	0.087	0.082	0.081	0.081	0.082	0.078	0.079	0.078	0.078
4500	B	0.161	0.146	0.145	0.149	0.155	0.154	0.163	0.198	0.203	0.079	0.08	0.078
4500	C	0.151	0.141	0.143	0.148	0.151	0.151	0.151	0.226	0.181	0.08	0.08	0.079
4500	D	0.158	0.152	0.149	0.151	0.149	0.157	0.161	0.187	0.192	0.082	0.081	0.082
4500	E	0.147	0.15	0.141	0.141	0.144	0.153	0.162	0.166	0.191	0.08	0.081	0.08
4500	F	0.14	0.14	0.16	0.145	0.154	0.193	0.185	0.171	0.194	0.081	0.08	0.08
4500	G	0.158	0.146	0.153	0.15	0.16	0.191	0.182	0.174	0.191	0.081	0.079	0.08
4500	H	0.081	0.082	0.084	0.092	0.083	0.082	0.082	0.081	0.092	0.081	0.08	0.079
5400	A	0.081	0.082	0.082	0.086	0.081	0.081	0.081	0.082	0.078	0.079	0.078	0.078
5400	B	0.158	0.145	0.142	0.148	0.154	0.152	0.159	0.216	0.228	0.079	0.08	0.078
5400	C	0.147	0.136	0.141	0.144	0.148	0.147	0.148	0.243	0.193	0.08	0.08	0.079
5400	D	0.156	0.147	0.144	0.15	0.148	0.153	0.158	0.196	0.208	0.082	0.081	0.082
5400	E	0.145	0.147	0.137	0.14	0.142	0.151	0.16	0.17	0.213	0.08	0.081	0.08
5400	F	0.137	0.138	0.156	0.143	0.152	0.19	0.185	0.176	0.212	0.081	0.08	0.079
5400	G	0.156	0.143	0.149	0.151	0.158	0.188	0.181	0.179	0.207	0.081	0.079	0.08
5400	H	0.081	0.082	0.084	0.092	0.083	0.082	0.082	0.08	0.086	0.081	0.08	0.079
6300	A	0.081	0.083	0.084	0.087	0.083	0.082	0.081	0.083	0.078	0.079	0.078	0.078
6300	B	0.158	0.143	0.14	0.148	0.153	0.15	0.163	0.233	0.26	0.079	0.079	0.078
6300	C	0.148	0.136	0.141	0.145	0.148	0.146	0.148	0.269	0.215	0.081	0.08	0.079
6300	D	0.157	0.146	0.143	0.147	0.146	0.152	0.154	0.211	0.229	0.082	0.081	0.082
6300	E	0.143	0.144	0.134	0.137	0.14	0.146	0.155	0.174	0.237	0.08	0.081	0.08
6300	F	0.135	0.134	0.153	0.141	0.148	0.185	0.185	0.187	0.24	0.081	0.08	0.08
6300	G	0.157	0.141	0.146	0.149	0.157	0.183	0.179	0.189	0.229	0.081	0.079	0.08
6300	H	0.081	0.082	0.085	0.09	0.083	0.083	0.082	0.081	0.082	0.081	0.08	0.079
7200	A	0.08	0.082	0.082	0.083	0.081	0.081	0.08	0.081	0.078	0.079	0.078	0.078
7200	B	0.155	0.141	0.138	0.147	0.153	0.152	0.158	0.264	0.305	0.079	0.08	0.078
7200	C	0.146	0.135	0.14	0.144	0.149	0.147	0.15	0.306	0.253	0.08	0.08	0.079
7200	D	0.154	0.145	0.142	0.142	0.146	0.151	0.153	0.235	0.266	0.082	0.081	0.082
7200	E	0.145	0.144	0.134	0.135	0.142	0.149	0.156	0.188	0.286	0.08	0.081	0.08
7200	F	0.145	0.144	0.165	0.155	0.164	0.202	0.201	0.223	0.291	0.081	0.08	0.08
7200	G	0.155	0.14	0.146	0.144	0.158	0.181	0.174	0.204	0.264	0.081	0.079	0.08
7200	H	0.081	0.081	0.083	0.088	0.083	0.082	0.082	0.08	0.081	0.081	0.08	0.079
8100	A	0.079	0.082	0.082	0.083	0.081	0.081	0.08	0.081	0.078	0.079	0.078	0.078
8100	B	0.154	0.139	0.136	0.145	0.153	0.146	0.153	0.298	0.352	0.079	0.08	0.078
8100	C	0.145	0.133	0.136	0.144	0.147	0.145	0.148	0.348	0.293	0.081	0.08	0.079
8100	D	0.154	0.144	0.142	0.14	0.144	0.151	0.15	0.263	0.309	0.082	0.081	0.082
8100	E	0.142	0.142	0.132	0.131	0.14	0.148	0.154	0.2	0.331	0.08	0.081	0.08
8100	F	0.132	0.131	0.145	0.138	0.147	0.18	0.187	0.233	0.325	0.081	0.08	0.08
8100	G	0.152	0.137	0.144	0.142	0.155	0.172	0.169	0.22	0.307	0.081	0.079	0.08
8100	H	0.081	0.081	0.084	0.089	0.083	0.082	0.082	0.081	0.081	0.081	0.08	0.079
9000	A	0.079	0.081	0.082	0.082	0.081	0.08	0.08	0.081	0.078	0.079	0.078	0.078
9000	B	0.153	0.138	0.134	0.141	0.152	0.145	0.153	0.335	0.391	0.079	0.08	0.078
9000	C	0.143	0.13	0.134	0.143	0.146	0.144	0.146	0.393	0.341	0.08	0.08	0.079
9000	D	0.153	0.143	0.142	0.14	0.143	0.149	0.148	0.298	0.358	0.082	0.081	0.082
9000	E	0.14	0.14	0.131	0.129	0.137	0.148	0.151	0.217	0.374	0.08	0.081	0.08
9000	F	0.131	0.131	0.145	0.139	0.148	0.181	0.188	0.266	0.381	0.081	0.08	0.079
9000	G	0.152	0.137	0.143	0.141	0.154	0.17	0.16	0.244	0.36	0.081	0.079	0.08
9000	H	0.081	0.081	0.083	0.087	0.083	0.082	0.082	0.081	0.081	0.081	0.08	0.079
9900	A	0.079	0.081	0.081	0.081	0.081	0.08	0.08	0.08	0.078	0.079	0.078	0.078
9900	B	0.151	0.137	0.134	0.141	0.148	0.146	0.151	0.381	0.433	0.079	0.08	0.078
9900	C	0.143	0.131	0.134	0.143	0.147	0.145	0.146	0.443	0.398	0.08	0.08	0.079
9900	D	0.15	0.142	0.141	0.138	0.141	0.146	0.145	0.347	0.41	0.082	0.081	0.082
9900	E	0.14	0.14	0.13	0.127	0.132	0.144	0.146	0.244	0.426	0.08	0.081	0.08
9900	F	0.131	0.131	0.145	0.136	0.149	0.181	0.191	0.318	0.435	0.081	0.08	0.08
9900	G	0.151	0.137	0.143	0.141	0.148	0.172	0.163	0.281	0.417	0.081	0.079	0.08
9900	H	0.08	0.081	0.083	0.087	0.083	0.082	0.081	0.08	0.081	0.081	0.08	0.079
10800	A	0.079	0.081	0.081	0.081	0.08	0.08	0.08	0.08	0.078	0.079	0.078	0.078
10800	B	0.151	0.136	0.133	0.139	0.146	0.145	0.15	0.422	0.472	0.079	0.079	0.078
10800	C	0.14	0.128	0.132	0.138	0.145	0.143	0.143	0.477	0.435	0.08	0.08	0.079
10800	D	0.149	0.139	0.138	0.134	0.138	0.142	0.143	0.395	0.451	0.082	0.081	0.082
10800	E	0.139	0.139	0.129	0.126	0.131	0.143	0.145	0.277	0.466	0.08	0.081	0.08
10800	F	0.129	0.129	0.143	0.133	0.145	0.174	0.185	0.368	0.465	0.081	0.08	0.079
10800	G	0.149	0.135	0.141	0.138	0.145	0.168	0.157	0.321	0.458	0.081	0.079	0.08
10800	H	0.081	0.081	0.083	0.087	0.083	0.081	0.081	0.08	0.082	0.081	0.08	0.079
11700	A	0.078	0.081	0.081	0.081	0.08	0.08	0.08	0.08	0.078	0.079	0.078	0.078
11700	B	0.148	0.135	0.131	0.137	0.143	0.141	0.147	0.452	0.5	0.079	0.08	0.078
11700	C	0.141	0.129	0.133	0.136	0.145	0.145	0.143	0.518	0.476	0.08	0.08	0.079
11700	D	0.146	0.138	0.137	0.132	0.136	0.14	0.14	0.432	0.495	0.082	0.081	0.082
11700	E	0.137	0.138	0.129	0.126	0.131	0.141	0.145	0.32	0.505	0.08	0.081	0.08
11700	F	0.13	0.129	0.145	0.135	0.145	0.177	0.185	0.41	0.511	0.081	0.08	0.08
11700	G	0.148	0.134	0.141	0.137	0.143	0.166	0.155	0.375	0.504	0.081	0.079	0.08
11700	H	0.08	0.081	0.083	0.087	0.083	0.081	0.081	0.08	0.082	0.081	0.08	0.079
12600	A	0.078	0.081	0.081	0.081	0.08	0.08	0.079	0.079	0.078	0.079	0.078	0.078
12600	B	0.149	0.135	0.13	0.136	0.142	0.14	0.147	0.492	0.535	0.079	0.08	0.078
12600	C	0.14	0.127	0.13	0.134	0.142	0.143	0.141	0.552	0.518	0.08	0.08	0.079
12600	D	0.146	0.137	0.137	0.132	0.136	0.14	0.14	0.474	0.532	0.082	0.081	0.082
12600	E	0.137	0.137	0.127	0.124	0.127	0.136	0.142	0.374	0.538	0.08	0.081	0.08
12600	F	0.129	0.128	0.142	0.132	0.142	0.173	0.181	0.449	0.551	0.081	0.08	0.08
12600	G	0.147	0.133	0.14	0.136	0.142	0.166	0.154	0.412	0.543	0.081	0.079	0.08
12600	H	0.08	0.081	0.083	0.086	0.083	0.081	0.081	0.08	0.082	0.081	0.08	0.079
13500	A	0.078	0.081	0.081	0.08	0.08	0.08	0.079	0.079	0.078	0.079	0.078	0.078
13500	B	0.148	0.134	0.13	0.135	0.142	0.139	0.147	0.524	0.563	0.079	0.079	0.078
13500	C	0.138	0.126	0.129	0.133	0.138	0.141	0.139	0.584	0.553	0.08	0.08	0.079
13500	D	0.145	0.136	0.135	0.13	0.134	0.137	0.138	0.516	0.564	0.082	0.081	0.082
13500	E	0.136	0.137	0.128	0.125	0.128	0.137	0.143	0.411	0.574	0.08	0.081	0.08
13500	F	0.132	0.132	0.149	0.137	0.147	0.179	0.187	0.496	0.593	0.081	0.08	0.08
13500	G	0.146	0.134	0.14	0.136	0.141	0.164	0.152	0.455	0.576	0.081	0.079	0.08
13500	H	0.08	0.081	0.083	0.086	0.083	0.081	0.081	0.081	0.082	0.081	0.08	0.079
14400	A	0.078	0.081	0.08	0.08	0.08	0.08	0.079	0.079	0.078	0.079	0.078	0.078
14400	B	0.147	0.134	0.13	0.134	0.14	0.138	0.146	0.553	0.588	0.079	0.079	0.078
14400	C	0.136	0.124	0.127	0.13	0.135	0.138	0.136	0.613	0.583	0.08	0.08	0.079
14400	D	0.144	0.135	0.135	0.129	0.133	0.136	0.137	0.55	0.596	0.082	0.081	0.082
14400	E	0.136	0.136	0.128	0.123	0.126	0.134	0.142	0.451	0.603	0.08	0.081	0.08
14400	F	0.124	0.124	0.137	0.127	0.137	0.166	0.173	0.526	0.615	0.081	0.08	0.08
14400	G	0.144	0.13	0.136	0.132	0.137	0.159	0.149	0.498	0.609	0.081	0.079	0.08
14400	H	0.08	0.081	0.083	0.086	0.083	0.081	0.081	0.08	0.082	0.081	0.08	0.079
15300	A	0.078	0.081	0.081	0.08	0.08	0.08	0.08	0.079	0.078	0.079	0.078	0.078
15300	B	0.146	0.132	0.128	0.132	0.137	0.135	0.143	0.58	0.611	0.079	0.079	0.078
15300	C	0.136	0.123	0.124	0.129	0.133	0.134	0.134	0.641	0.612	0.081	0.08	0.079
15300	D	0.144	0.135	0.135	0.128	0.133	0.135	0.136	0.586	0.628	0.082	0.081	0.082
15300	E	0.134	0.134	0.125	0.122	0.124	0.131	0.139	0.49	0.626	0.08	0.081	0.08
15300	F	0.124	0.123	0.136	0.126	0.133	0.165	0.168	0.563	0.648	0.081	0.08	0.08
15300	G	0.145	0.131	0.137	0.133	0.137	0.16	0.149	0.538	0.642	0.081	0.079	0.08
15300	H	0.08	0.081	0.084	0.087	0.083	0.081	0.081	0.08	0.083	0.081	0.08	0.079
16200	A	0.078	0.081	0.08	0.08	0.08	0.079	0.079	0.079	0.078	0.079	0.078	0.078
16200	B	0.146	0.133	0.128	0.132	0.138	0.137	0.145	0.612	0.639	0.079	0.079	0.078
16200	C	0.135	0.122	0.125	0.128	0.132	0.136	0.135	0.668	0.642	0.08	0.08	0.079
16200	D	0.143	0.134	0.134	0.127	0.132	0.136	0.135	0.615	0.655	0.082	0.081	0.082
16200	E	0.133	0.134	0.125	0.121	0.123	0.13	0.139	0.527	0.655	0.08	0.081	0.08
16200	F	0.122	0.123	0.135	0.126	0.133	0.164	0.168	0.593	0.672	0.081	0.08	0.08
16200	G	0.143	0.13	0.135	0.131	0.136	0.158	0.152	0.573	0.672	0.081	0.079	0.08
16200	H	0.08	0.081	0.083	0.086	0.083	0.081	0.081	0.08	0.083	0.081	0.08	0.079
17100	A	0.078	0.081	0.08	0.08	0.08	0.079	0.079	0.079	0.078	0.079	0.078	0.078
17100	B	0.144	0.131	0.126	0.129	0.134	0.133	0.142	0.636	0.658	0.079	0.079	0.078
17100	C	0.133	0.122	0.124	0.129	0.131	0.135	0.135	0.697	0.67	0.08	0.08	0.079
17100	D	0.142	0.134	0.134	0.127	0.132	0.135	0.135	0.649	0.688	0.082	0.081	0.082
17100	E	0.132	0.134	0.124	0.121	0.123	0.131	0.139	0.564	0.682	0.08	0.081	0.08
17100	F	0.125	0.126	0.139	0.129	0.137	0.168	0.17	0.63	0.711	0.081	0.08	0.08
17100	G	0.145	0.132	0.137	0.132	0.138	0.159	0.148	0.612	0.706	0.081	0.079	0.08
17100	H	0.08	0.081	0.082	0.085	0.083	0.081	0.081	0.08	0.083	0.081	0.08	0.079
18000	A	0.078	0.081	0.08	0.08	0.08	0.079	0.079	0.079	0.078	0.079	0.078	0.078
18000	B	0.144	0.13	0.126	0.128	0.133	0.133	0.141	0.66	0.68	0.079	0.079	0.078
18000	C	0.132	0.121	0.124	0.127	0.13	0.135	0.133	0.72	0.694	0.08	0.08	0.079
18000	D	0.14	0.132	0.132	0.125	0.129	0.131	0.132	0.673	0.709	0.082	0.081	0.082
18000	E	0.133	0.133	0.123	0.12	0.121	0.128	0.136	0.596	0.706	0.08	0.081	0.08
18000	F	0.121	0.121	0.132	0.123	0.13	0.16	0.163	0.651	0.726	0.081	0.08	0.08
18000	G	0.143	0.129	0.135	0.13	0.135	0.156	0.146	0.64	0.722	0.081	0.079	0.08
18000	H	0.08	0.081	0.082	0.085	0.083	0.081	0.081	0.08	0.083	0.081	0.08	0.079
18900	A	0.078	0.081	0.08	0.08	0.08	0.079	0.079	0.079	0.078	0.079	0.078	0.078
18900	B	0.143	0.13	0.126	0.127	0.132	0.133	0.141	0.689	0.708	0.079	0.079	0.078
18900	C	0.133	0.122	0.123	0.127	0.13	0.136	0.134	0.747	0.723	0.08	0.08	0.079
18900	D	0.141	0.133	0.132	0.125	0.129	0.13	0.132	0.703	0.73	0.082	0.081	0.082
18900	E	0.133	0.133	0.125	0.121	0.122	0.131	0.138	0.63	0.734	0.08	0.081	0.08
18900	F	0.121	0.122	0.135	0.125	0.132	0.163	0.163	0.683	0.745	0.081	0.08	0.079
18900	G	0.141	0.128	0.134	0.129	0.133	0.154	0.143	0.665	0.728	0.081	0.079	0.08
18900	H	0.08	0.081	0.082	0.085	0.083	0.081	0.081	0.08	0.083	0.081	0.08	0.079
19800	A	0.078	0.08	0.08	0.08	0.08	0.079	0.079	0.079	0.078	0.079	0.078	0.078
19800	B	0.143	0.129	0.125	0.126	0.131	0.132	0.14	0.714	0.724	0.079	0.079	0.078
19800	C	0.131	0.119	0.12	0.124	0.127	0.132	0.131	0.767	0.741	0.08	0.08	0.079
19800	D	0.139	0.132	0.132	0.124	0.128	0.13	0.131	0.731	0.741	0.082	0.081	0.082
19800	E	0.131	0.132	0.123	0.12	0.12	0.128	0.136	0.657	0.747	0.08	0.081	0.08
19800	F	0.12	0.122	0.134	0.125	0.131	0.161	0.162	0.712	0.755	0.081	0.08	0.079
19800	G	0.142	0.129	0.134	0.129	0.133	0.153	0.142	0.699	0.738	0.081	0.079	0.08
19800	H	0.08	0.081	0.082	0.084	0.083	0.081	0.081	0.08	0.083	0.081	0.08	0.079
20700	A	0.078	0.08	0.08	0.08	0.08	0.079	0.079	0.079	0.078	0.079	0.078	0.078
20700	B	0.142	0.129	0.125	0.126	0.13	0.132	0.14	0.732	0.737	0.079	0.079	0.078
20700	C	0.131	0.12	0.121	0.124	0.127	0.133	0.132	0.784	0.757	0.08	0.08	0.079
20700	D	0.141	0.133	0.133	0.124	0.129	0.131	0.131	0.752	0.753	0.082	0.081	0.082
20700	E	0.131	0.133	0.125	0.12	0.121	0.128	0.136	0.686	0.754	0.08	0.081	0.08
20700	F	0.119	0.121	0.131	0.123	0.129	0.157	0.158	0.731	0.76	0.081	0.08	0.079
20700	G	0.14	0.127	0.133	0.128	0.131	0.15	0.139	0.721	0.738	0.081	0.079	0.08
20700	H	0.08	0.081	0.082	0.085	0.083	0.081	0.081	0.08	0.083	0.081	0.08	0.079
21600	A	0.078	0.08	0.08	0.08	0.08	0.079	0.079	0.079	0.078	0.079	0.078	0.078
21600	B	0.142	0.128	0.124	0.125	0.128	0.129	0.138	0.743	0.741	0.079	0.079	0.078
21600	C	0.13	0.118	0.118	0.122	0.125	0.13	0.129	0.795	0.764	0.08	0.08	0.079
21600	D	0.138	0.131	0.13	0.122	0.126	0.127	0.128	0.761	0.752	0.082	0.081	0.082
21600	E	0.131	0.132	0.123	0.119	0.119	0.126	0.133	0.713	0.762	0.08	0.081	0.08
21600	F	0.121	0.123	0.135	0.126	0.132	0.161	0.16	0.75	0.767	0.081	0.08	0.079
21600	G	0.139	0.127	0.132	0.127	0.131	0.15	0.139	0.741	0.741	0.081	0.079	0.08
21600	H	0.08	0.081	0.082	0.085	0.083	0.081	0.081	0.08	0.083	0.081	0.08	0.079
