Well	Strain	Hour	OD600_fit
A1	s245s	1	0.0109469642112658
A1	s245s	2	0.0176921412271786
A1	s245s	3	0.0284518769422366
A1	s245s	4	0.0453966677407479
A1	s245s	5	0.0715498980476246
A1	s245s	6	0.110687048120538
A1	s245s	7	0.166625932450111
A1	s245s	8	0.241548429228063
A1	s245s	9	0.333616253217417
A1	s245s	10	0.435493245220315
A1	s245s	11	0.535940058070679
A1	s245s	12	0.624319834803768
A1	s245s	13	0.694623358671777
A1	s245s	14	0.74619530252416
A1	s245s	15	0.781820922880745
A1	s245s	16	0.805421586741647
A1	s245s	17	0.820625413850511
A1	s245s	18	0.830244340436826
A1	s245s	19	0.836260429040633
A1	s245s	20	0.839996168972247
A2	s245s	1	0.00883161360824261
A2	s245s	2	0.0144848552526374
A2	s245s	3	0.0236535442856969
A2	s245s	4	0.0383554533710363
A2	s245s	5	0.0615049118558366
A2	s245s	6	0.0969318663085847
A2	s245s	7	0.148851342625985
A2	s245s	8	0.220309175808658
A2	s245s	9	0.310602476569372
A2	s245s	10	0.413137140206459
A2	s245s	11	0.516358820790171
A2	s245s	12	0.608409301355918
A2	s245s	13	0.682035992299528
A2	s245s	14	0.735968711478753
A2	s245s	15	0.772982918417384
A2	s245s	16	0.797263812694325
A2	s245s	17	0.812723152434055
A2	s245s	18	0.822379540598795
A2	s245s	19	0.828339371198791
A2	s245s	20	0.83199055370836
A3	s245s	1	0.0116853152373875
A3	s245s	2	0.0185942767879269
A3	s245s	3	0.0294483184952561
A3	s245s	4	0.0462944243022749
A3	s245s	5	0.0719542879305835
A3	s245s	6	0.109942640643956
A3	s245s	7	0.163877907831112
A3	s245s	8	0.236073947409609
A3	s245s	9	0.325454173913063
A3	s245s	10	0.425999267584497
A3	s245s	11	0.52761090281553
A3	s245s	12	0.619766402734407
A3	s245s	13	0.69549504684498
A3	s245s	14	0.752839753709522
A3	s245s	15	0.793631949195913
A3	s245s	16	0.821376351465267
A3	s245s	17	0.839675304908674
A3	s245s	18	0.851501032702631
A3	s245s	19	0.859043094564514
A3	s245s	20	0.863812707556019
A4	s245s	1	0.0109213164752532
A4	s245s	2	0.0174781825372743
A4	s245s	3	0.0278400135150112
A4	s245s	4	0.0440175177962152
A4	s245s	5	0.0688028060673102
A4	s245s	6	0.105699453932234
A4	s245s	7	0.158339411179354
A4	s245s	8	0.229058095320417
A4	s245s	9	0.316763406055
A4	s245s	10	0.415356650059158
A4	s245s	11	0.514664082850435
A4	s245s	12	0.604221728414489
A4	s245s	13	0.677284413691778
A4	s245s	14	0.732169816245471
A4	s245s	15	0.770898122347421
A4	s245s	16	0.797034135797164
A4	s245s	17	0.81414572097895
A4	s245s	18	0.825127690274596
A4	s245s	19	0.832085810661653
A4	s245s	20	0.836458624431698
A5	s245s	1	0.00742752758878789
A5	s245s	2	0.0120649517359358
A5	s245s	3	0.019528907949825
A5	s245s	4	0.0314326307105735
A5	s245s	5	0.0501424075059977
A5	s245s	6	0.0788865564047505
A5	s245s	7	0.121535155780577
A5	s245s	8	0.181652902706374
A5	s245s	9	0.260547239379723
A5	s245s	10	0.354903981591443
A5	s245s	11	0.455992771951142
A5	s245s	12	0.552291101402925
A5	s245s	13	0.634289830714491
A5	s245s	14	0.697701199101225
A5	s245s	15	0.743182561586182
A5	s245s	16	0.77407154972155
A5	s245s	17	0.794280351774954
A5	s245s	18	0.807180319025812
A5	s245s	19	0.815285883981153
A5	s245s	20	0.82032853746089
A6	s245s	1	0.00803938856536663
A6	s245s	2	0.0130815414497202
A6	s245s	3	0.021203562149355
A6	s245s	4	0.0341551800711749
A6	s245s	5	0.054479094032683
A6	s245s	6	0.0855813820039517
A6	s245s	7	0.131396455194092
A6	s245s	8	0.19522758810689
A6	s245s	9	0.277586208474279
A6	s245s	10	0.373929021109072
A6	s245s	11	0.474513885850438
A6	s245s	12	0.567795919375406
A6	s245s	13	0.645269269484201
A6	s245s	14	0.703930641092583
A6	s245s	15	0.745312693150566
A6	s245s	16	0.773069066667464
A6	s245s	17	0.791061789387268
A6	s245s	18	0.802468724759999
A6	s245s	19	0.809598743536643
A6	s245s	20	0.814016052759803
A7	s245s	1	0.00834704824555192
A7	s245s	2	0.0137016087345996
A7	s245s	3	0.0223967449762994
A7	s245s	4	0.0363622246107479
A7	s245s	5	0.0584013550976722
A7	s245s	6	0.0922339612566186
A7	s245s	7	0.142029717654523
A7	s245s	8	0.210958140698379
A7	s245s	9	0.29868515197682
A7	s245s	10	0.39913752039383
A7	s245s	11	0.50113866338108
A7	s245s	12	0.592826237166575
A7	s245s	13	0.666641371358258
A7	s245s	14	0.720970951028603
A7	s245s	15	0.758375910927682
A7	s245s	16	0.782959851694506
A7	s245s	17	0.798627794336025
A7	s245s	18	0.808418392967382
A7	s245s	19	0.814461159082701
A7	s245s	20	0.818162334444349
A8	s245s	1	0.00602001958440412
A8	s245s	2	0.00993620238969457
A8	s245s	3	0.0163485516012503
A8	s245s	4	0.0267617474167919
A8	s245s	5	0.0434472864434848
A8	s245s	6	0.0696184425720889
A8	s245s	7	0.109323612117788
A8	s245s	8	0.16661908891835
A8	s245s	9	0.243593115729703
A8	s245s	10	0.33764052887125
A8	s245s	11	0.440085835239284
A8	s245s	12	0.538621655228589
A8	s245s	13	0.622683056275418
A8	s245s	14	0.68736335551686
A8	s245s	15	0.733288742101999
A8	s245s	16	0.764068970595309
A8	s245s	17	0.783908671548967
A8	s245s	18	0.796376587723861
A8	s245s	19	0.804087478213503
A8	s245s	20	0.808809249990067
A9	s245s	1	0.00577364166540712
A9	s245s	2	0.00967951706968736
A9	s245s	3	0.0161744929373367
A9	s245s	4	0.0268809906972014
A9	s245s	5	0.0442785585088865
A9	s245s	6	0.0719004261591693
A9	s245s	7	0.114179584400819
A9	s245s	8	0.175401405698691
A9	s245s	9	0.257288779301747
A9	s245s	10	0.355920051922987
A9	s245s	11	0.460766272594315
A9	s245s	12	0.558406585858412
A9	s245s	13	0.638751570347247
A9	s245s	14	0.698398763168057
A9	s245s	15	0.739381895544587
A9	s245s	16	0.766065589462475
A9	s245s	17	0.782835311078868
A9	s245s	18	0.793141278361536
A9	s245s	19	0.799388030899605
A9	s245s	20	0.803142726968875
A10	s245s	1	0.0049275312188201
A10	s245s	2	0.0083942015144286
A10	s245s	3	0.0142573502134295
A10	s245s	4	0.0240948479073702
A10	s245s	5	0.0403818387751637
A10	s245s	6	0.0667597398945108
A10	s245s	7	0.107994691617486
A10	s245s	8	0.169017340281706
A10	s245s	9	0.252374541601264
A10	s245s	10	0.354600153032271
A10	s245s	11	0.464603396464668
A10	s245s	12	0.567511673618168
A10	s245s	13	0.651916847339972
A10	s245s	14	0.713988674265587
A10	s245s	15	0.756068343184881
A10	s245s	16	0.783044261570345
A10	s245s	17	0.799723019992823
A10	s245s	18	0.809805492854579
A10	s245s	19	0.815817638481369
A10	s245s	20	0.819373457111161
A11	s245s	1	0.00496452042100202
A11	s245s	2	0.00852702114850122
A11	s245s	3	0.0146017512493039
A11	s245s	4	0.0248761813675328
A11	s245s	5	0.04201637732177
A11	s245s	6	0.0699646653664829
A11	s245s	7	0.113882016158337
A11	s245s	8	0.179036270021489
A11	s245s	9	0.267893933312737
A11	s245s	10	0.376117481163818
A11	s245s	11	0.491148889175979
A11	s245s	12	0.597004802203945
A11	s245s	13	0.682254477147486
A11	s245s	14	0.743833844570028
A11	s245s	15	0.784906335730953
A11	s245s	16	0.810864117281804
A11	s245s	17	0.826714869191367
A11	s245s	18	0.836191454852027
A11	s245s	19	0.841785707454503
A11	s245s	20	0.845063413697451
A12	empty	1	0.00254266707686694
A12	empty	2	0.00212965250372716
A12	empty	3	0.00184429779565327
A12	empty	4	0.00163555155862272
A12	empty	5	0.00147638052550096
A12	empty	6	0.00135113118895439
A12	empty	7	0.00125011193720166
A12	empty	8	0.0011670013937862
A12	empty	9	0.00109750054879412
A12	empty	10	0.00103858385134926
A12	empty	11	0.000988060150873927
A12	empty	12	0.000944303574066629
A12	empty	13	0.000906082252679827
A12	empty	14	0.000872445766393273
A12	empty	15	0.000842649086735323
A12	empty	16	0.000816099920493803
A12	empty	17	0.000792321463345592
A12	empty	18	0.000770925546900093
A12	empty	19	0.000751592945940575
A12	empty	20	0.000734058713219778
B1	s245s	1	0.00859757576671893
B1	s245s	2	0.0140805190777047
B1	s245s	3	0.022964887624111
B1	s245s	4	0.0372060778957574
B1	s245s	5	0.059643220429677
B1	s245s	6	0.094049116532352
B1	s245s	7	0.144678077560789
B1	s245s	8	0.214835791323574
B1	s245s	9	0.304372932813409
B1	s245s	10	0.407365325078104
B1	s245s	11	0.512582729357837
B1	s245s	12	0.607818977374327
B1	s245s	13	0.685028615914073
B1	s245s	14	0.742223396932293
B1	s245s	15	0.781822019857841
B1	s245s	16	0.807971681872074
B1	s245s	17	0.824704970075115
B1	s245s	18	0.835197955542551
B1	s245s	19	0.841694455248945
B1	s245s	20	0.845684916358335
B2	s245s	1	0.00986331625402644
B2	s245s	2	0.0156598771459326
B2	s245s	3	0.0247633302209364
B2	s245s	4	0.0389138131323485
B2	s245s	5	0.0605612675192815
B2	s245s	6	0.0928823507330647
B2	s245s	7	0.139429853612554
B2	s245s	8	0.203097208744992
B2	s245s	9	0.284304345993692
B2	s245s	10	0.379130644981871
B2	s245s	11	0.479086692457251
B2	s245s	12	0.573700645589936
B2	s245s	13	0.654562111181749
B2	s245s	14	0.717853041527311
B2	s245s	15	0.764066836313608
B2	s245s	16	0.796127182231243
B2	s245s	17	0.817586719205236
B2	s245s	18	0.831608608566425
B2	s245s	19	0.840626929180778
B2	s245s	20	0.846368302006775
B3	s245s	1	0.00965328241609446
B3	s245s	2	0.0151504249335281
B3	s245s	3	0.0236898562080983
B3	s245s	4	0.0368304832617987
B3	s245s	5	0.0567602703377047
B3	s245s	6	0.0863314671335684
B3	s245s	7	0.12881132170654
B3	s245s	8	0.187082071911854
B3	s245s	9	0.262149163013186
B3	s245s	10	0.351403144370646
B3	s245s	11	0.447942934883499
B3	s245s	12	0.542239638035573
B3	s245s	13	0.625603433645639
B3	s245s	14	0.693049222356455
B3	s245s	15	0.743809247184129
B3	s245s	16	0.779970237426411
B3	s245s	17	0.804735117771565
B3	s245s	18	0.821240791439716
B3	s245s	19	0.832043454932069
B3	s245s	20	0.839029673912721
B4	s245s	1	0.0099424273294508
B4	s245s	2	0.0156492503169555
B4	s245s	3	0.024536205768982
B4	s245s	4	0.038239023479562
B4	s245s	5	0.0590480420835494
B4	s245s	6	0.0899287214151067
B4	s245s	7	0.134223650610682
B4	s245s	8	0.194756511781269
B4	s245s	9	0.272227169821802
B4	s245s	10	0.363458416359392
B4	s245s	11	0.460933619236995
B4	s245s	12	0.554828470319739
B4	s245s	13	0.6366673319478
B4	s245s	14	0.702008490021537
B4	s245s	15	0.750619868704616
B4	s245s	16	0.784917424026016
B4	s245s	17	0.808220684625735
B4	s245s	18	0.823651172747782
B4	s245s	19	0.833695030135063
B4	s245s	20	0.84015994500362
B5	s245s	1	0.008322799956394
B5	s245s	2	0.0130531196309216
B5	s245s	3	0.0204058668177273
B5	s245s	4	0.031741115460061
B5	s245s	5	0.0489958848408497
B5	s245s	6	0.074761320359768
B5	s245s	7	0.112151366741279
B5	s245s	8	0.164220432128015
B5	s245s	9	0.232718801760663
B5	s245s	10	0.316383021253322
B5	s245s	11	0.409779936750293
B5	s245s	12	0.504128199187255
B5	s245s	13	0.590291724811689
B5	s245s	14	0.662026806241524
B5	s245s	15	0.717289620536966
B5	s245s	16	0.757370706246239
B5	s245s	17	0.785186489899265
B5	s245s	18	0.803904549846404
B5	s245s	19	0.816240704768838
B5	s245s	20	0.824259569300876
B6	s245s	1	0.00862419001507428
B6	s245s	2	0.0136626652148359
B6	s245s	3	0.0215686429322495
B6	s245s	4	0.0338626321916322
B6	s245s	5	0.0527143426216089
B6	s245s	6	0.081010084851233
B6	s245s	7	0.122146333909807
B6	s245s	8	0.179256316208238
B6	s245s	9	0.253669963624785
B6	s245s	10	0.343007423732395
B6	s245s	11	0.440295828405509
B6	s245s	12	0.535610191728644
B6	s245s	13	0.619790531513273
B6	s245s	14	0.687592954958034
B6	s245s	15	0.73826450942393
B6	s245s	16	0.774054043921823
B6	s245s	17	0.798335888114336
B6	s245s	18	0.814363945121959
B6	s245s	19	0.824752879976811
B6	s245s	20	0.83140742458244
B7	s245s	1	0.00811353087240401
B7	s245s	2	0.0128451461272819
B7	s245s	3	0.0202681997469807
B7	s245s	4	0.0318142369054871
B7	s245s	5	0.049535979344326
B7	s245s	6	0.0761888715184019
B7	s245s	7	0.115071992079302
B7	s245s	8	0.169349772567246
B7	s245s	9	0.240630241329857
B7	s245s	10	0.327091912941318
B7	s245s	11	0.422410052686573
B7	s245s	12	0.517031782523698
B7	s245s	13	0.601673714712454
B7	s245s	14	0.670620327213168
B7	s245s	15	0.722623761341833
B7	s245s	16	0.759616599183364
B7	s245s	17	0.784849050239337
B7	s245s	18	0.801570526818864
B7	s245s	19	0.812440993978068
B7	s245s	20	0.819419794919387
B8	s245s	1	0.00781268905460506
B8	s245s	2	0.0124881711349708
B8	s245s	3	0.0198935989434778
B8	s245s	4	0.0315201339112992
B8	s245s	5	0.0495238581343746
B8	s245s	6	0.0768159321318768
B8	s245s	7	0.116882550056068
B8	s245s	8	0.173017310505776
B8	s245s	9	0.246723425131236
B8	s245s	10	0.335672284394917
B8	s245s	11	0.432709222988383
B8	s245s	12	0.527576911983138
B8	s245s	13	0.610886199528012
B8	s245s	14	0.677425820405374
B8	s245s	15	0.726659452064509
B8	s245s	16	0.761065359660432
B8	s245s	17	0.784160356732523
B8	s245s	18	0.799246833129471
B8	s245s	19	0.808927459309196
B8	s245s	20	0.81506829479953
B9	s245s	1	0.00787591051017518
B9	s245s	2	0.0127334384240734
B9	s245s	3	0.0205118930672624
B9	s245s	4	0.0328503422843185
B9	s245s	5	0.0521311474542856
B9	s245s	6	0.0815665954829666
B9	s245s	7	0.124943733322005
B9	s245s	8	0.185646476100808
B9	s245s	9	0.264725853387493
B9	s245s	10	0.358662645762668
B9	s245s	11	0.458752737107357
B9	s245s	12	0.55377129257956
B9	s245s	13	0.634586615131341
B9	s245s	14	0.697140871419137
B9	s245s	15	0.74212023195834
B9	s245s	16	0.772776529534968
B9	s245s	17	0.792915886437332
B9	s245s	18	0.805828294282904
B9	s245s	19	0.813978453112907
B9	s245s	20	0.819071980873341
B10	s245s	1	0.00664218946378313
B10	s245s	2	0.0108930582255565
B10	s245s	3	0.0178055026614212
B10	s245s	4	0.0289492026630052
B10	s245s	5	0.046666099286657
B10	s245s	6	0.074219988132667
B10	s245s	7	0.115638550080326
B10	s245s	8	0.1748180692074
B10	s245s	9	0.253521737249138
B10	s245s	10	0.348770509673092
B10	s245s	11	0.451720086145473
B10	s245s	12	0.550246610099734
B10	s245s	13	0.63415160865043
B10	s245s	14	0.698789602671268
B10	s245s	15	0.744843996481628
B10	s245s	16	0.775862465242849
B10	s245s	17	0.79597018438029
B10	s245s	18	0.808683761682361
B10	s245s	19	0.81659581296816
B10	s245s	20	0.821471251862515
B11	s245s	1	0.00712651432617055
B11	s245s	2	0.0117187669217947
B11	s245s	3	0.0192031627304611
B11	s245s	4	0.0312901404615783
B11	s245s	5	0.0505248313386839
B11	s245s	6	0.0804283437486781
B11	s245s	7	0.125272917612667
B11	s245s	8	0.189016368215063
B11	s245s	9	0.273050783607719
B11	s245s	10	0.373480134038989
B11	s245s	11	0.480335802027335
B11	s245s	12	0.58085056492826
B11	s245s	13	0.665020125947022
B11	s245s	14	0.728904824477724
B11	s245s	15	0.773868808206579
B11	s245s	16	0.803861149965274
B11	s245s	17	0.823156871398946
B11	s245s	18	0.835283760261194
B11	s245s	19	0.842793473128459
B11	s245s	20	0.847401488249972
B12	s245s	1	0.0058702614163034
B12	s245s	2	0.0101549861033776
B12	s245s	3	0.0175028350801452
B12	s245s	4	0.0299791606095618
B12	s245s	5	0.0508105741327608
B12	s245s	6	0.0846356716354656
B12	s245s	7	0.137147901928356
B12	s245s	8	0.21324612285135
B12	s245s	9	0.313197899134052
B12	s245s	10	0.428794447538032
B12	s245s	11	0.544349924447855
B12	s245s	12	0.644200012181201
B12	s245s	13	0.720179699107214
B12	s245s	14	0.7725894227871
B12	s245s	15	0.806339540560398
B12	s245s	16	0.827121288564289
B12	s245s	17	0.839566595412194
B12	s245s	18	0.846895729951828
B12	s245s	19	0.85116938909429
B12	s245s	20	0.853647008542074
C1	s245s	1	0.00847323187383019
C1	s245s	2	0.014104137687856
C1	s245s	3	0.0233733197720691
C1	s245s	4	0.0384544174058431
C1	s245s	5	0.0625314437277174
C1	s245s	6	0.0998323997796244
C1	s245s	7	0.155012023354336
C1	s245s	8	0.231304875407267
C1	s245s	9	0.327490137213826
C1	s245s	10	0.435579520182118
C1	s245s	11	0.542412806553182
C1	s245s	12	0.635413807998838
C1	s245s	13	0.707837952881942
C1	s245s	14	0.759496775449945
C1	s245s	15	0.794080105950443
C1	s245s	16	0.816260092883062
C1	s245s	17	0.830096307604779
C1	s245s	18	0.838578819133168
C1	s245s	19	0.843723851889917
C1	s245s	20	0.846824335402379
C2	s245s	1	0.00726716738032709
C2	s245s	2	0.0117418284196367
C2	s245s	3	0.0189090229013172
C2	s245s	4	0.0302907684567745
C2	s245s	5	0.0481211674573435
C2	s245s	6	0.0754671805599275
C2	s245s	7	0.116070974488704
C2	s245s	8	0.173551748049511
C2	s245s	9	0.249660331353392
C2	s245s	10	0.341978904741391
C2	s245s	11	0.442764196995548
C2	s245s	12	0.540892399405986
C2	s245s	13	0.626343815261602
C2	s245s	14	0.693818244899784
C2	s245s	15	0.743096675606582
C2	s245s	16	0.777071502889378
C2	s245s	17	0.799575333437414
C2	s245s	18	0.814088160733054
C2	s245s	19	0.823286914074371
C2	s245s	20	0.829053586193049
C3	s245s	1	0.00827006269484896
C3	s245s	2	0.0131577841559855
C3	s245s	3	0.0208622946567699
C3	s245s	4	0.0328999918132383
C3	s245s	5	0.0514505304577012
C3	s245s	6	0.079439067836799
C3	s245s	7	0.120347487801777
C3	s245s	8	0.177447030897357
C3	s245s	9	0.252223873836637
C3	s245s	10	0.34237911603711
C3	s245s	11	0.440842156034929
C3	s245s	12	0.537416644547507
C3	s245s	13	0.622649780590147
C3	s245s	14	0.691143528426755
C3	s245s	15	0.742157419991678
C3	s245s	16	0.778042061718886
C3	s245s	17	0.802281622984249
C3	s245s	18	0.818210009910922
C3	s245s	19	0.828488199136588
C3	s245s	20	0.835042794451512
C4	s245s	1	0.00868083317090919
C4	s245s	2	0.0137088306707012
C4	s245s	3	0.0215708806201971
C4	s245s	4	0.033751209181827
C4	s245s	5	0.0523538122628654
C4	s245s	6	0.0801536212089799
C4	s245s	7	0.120375991175433
C4	s245s	8	0.175930614705823
C4	s245s	9	0.247933482365299
C4	s245s	10	0.333934594232434
C4	s245s	11	0.427176329068275
C4	s245s	12	0.51823211212619
C4	s245s	13	0.598512157892585
C4	s245s	14	0.663157008315242
C4	s245s	15	0.711516319218547
C4	s245s	16	0.745736592572898
C4	s245s	17	0.769010271011502
C4	s245s	18	0.784415205635446
C4	s245s	19	0.794429430153869
C4	s245s	20	0.800863176370581
C5	s245s	1	0.00884914948543759
C5	s245s	2	0.0139234845481309
C5	s245s	3	0.0218314678464855
C5	s245s	4	0.0340465378186342
C5	s245s	5	0.0526581382714241
C5	s245s	6	0.0804328363658365
C5	s245s	7	0.120622916059925
C5	s245s	8	0.176256272534905
C5	s245s	9	0.248720159165038
C5	s245s	10	0.335974911003227
C5	s245s	11	0.431626276450978
C5	s245s	12	0.526271679205562
C5	s245s	13	0.610888972942506
C5	s245s	14	0.679949694668401
C5	s245s	15	0.732240816373685
C5	s245s	16	0.769629310309693
C5	s245s	17	0.795280625552095
C5	s245s	18	0.812384514703359
C5	s245s	19	0.823573273537295
C5	s245s	20	0.830801348818456
C6	s245s	1	0.00746616835889337
C6	s245s	2	0.0121105419831576
C6	s245s	3	0.0195748240422589
C6	s245s	4	0.031461687744251
C6	s245s	5	0.0501178733981151
C6	s245s	6	0.0787394983065657
C6	s245s	7	0.12115187276004
C6	s245s	8	0.180874333090241
C6	s245s	9	0.259199808405048
C6	s245s	10	0.352870067302238
C6	s245s	11	0.453285265731643
C6	s245s	12	0.549063815874637
C6	s245s	13	0.630764286055281
C6	s245s	14	0.69407367289071
C6	s245s	15	0.739577229979807
C6	s245s	16	0.770544157086327
C6	s245s	17	0.79084273023088
C6	s245s	18	0.803823166887508
C6	s245s	19	0.811992982510747
C6	s245s	20	0.817083701075489
C7	s245s	1	0.0087853857350878
C7	s245s	2	0.0137856641808542
C7	s245s	3	0.0215572653187306
C7	s245s	4	0.0335302780750364
C7	s245s	5	0.0517281243036908
C7	s245s	6	0.0788260532687948
C7	s245s	7	0.117969975515093
C7	s245s	8	0.17210376151137
C7	s245s	9	0.242624087044864
C7	s245s	10	0.327667530259304
C7	s245s	11	0.421176849311221
C7	s245s	12	0.514107481701367
C7	s245s	13	0.597631496239448
C7	s245s	14	0.666186075328218
C7	s245s	15	0.718382689386809
C7	s245s	16	0.755896628653026
C7	s245s	17	0.781754371517687
C7	s245s	18	0.799068298717644
C7	s245s	19	0.810437455478567
C7	s245s	20	0.817807650916168
C8	s245s	1	0.00921188697063447
C8	s245s	2	0.0145293438168792
C8	s245s	3	0.0228314626362383
C8	s245s	4	0.035671401386537
C8	s245s	5	0.0552416049018589
C8	s245s	6	0.0844157861623623
C8	s245s	7	0.126500513072301
C8	s245s	8	0.18441688781333
C8	s245s	9	0.259161381837521
C8	s245s	10	0.34801532981439
C8	s245s	11	0.443883737287743
C8	s245s	12	0.537084533198999
C8	s245s	13	0.618951096785801
C8	s245s	14	0.684695908275824
C8	s245s	15	0.733795760226809
C8	s245s	16	0.768512021844543
C8	s245s	17	0.792119427130392
C8	s245s	18	0.807749981594004
C8	s245s	19	0.817916980592526
C8	s245s	20	0.824454035138311
C9	s245s	1	0.00727180704122369
C9	s245s	2	0.0115759980026435
C9	s245s	3	0.0183709939631679
C9	s245s	4	0.0290132809719387
C9	s245s	5	0.0454754277159364
C9	s245s	6	0.0704571218571845
C9	s245s	7	0.10728690670684
C9	s245s	8	0.159332865514923
C9	s245s	9	0.22864502032131
C9	s245s	10	0.314003288121622
C9	s245s	11	0.409544948099591
C9	s245s	12	0.50569639062758
C9	s245s	13	0.592643493440304
C9	s245s	14	0.663982905062153
C9	s245s	15	0.717991471733492
C9	s245s	16	0.756440735229343
C9	s245s	17	0.782630579495697
C9	s245s	18	0.799937566352951
C9	s245s	19	0.811146683586145
C9	s245s	20	0.818312103681475
C10	s245s	1	0.00732107246469277
C10	s245s	2	0.0117800804434983
C10	s245s	3	0.0188925427419339
C10	s245s	4	0.0301411006470729
C10	s245s	5	0.0476931903408293
C10	s245s	6	0.0745141674778614
C10	s245s	7	0.114216088946193
C10	s245s	8	0.170302897668719
C10	s245s	9	0.244522418880457
C10	s245s	10	0.334677056376626
C10	s245s	11	0.433460728024927
C10	s245s	12	0.530189688547481
C10	s245s	13	0.615022483849062
C10	s245s	14	0.682524503697955
C10	s245s	15	0.73219746066859
C10	s245s	16	0.766686874574667
C10	s245s	17	0.789678731985509
C10	s245s	18	0.804592872486341
C10	s245s	19	0.814096506420679
C10	s245s	20	0.8200839002375
C11	s245s	1	0.00746412706550278
C11	s245s	2	0.0123365639456548
C11	s245s	3	0.0203121636703403
C11	s245s	4	0.0332372856138671
C11	s245s	5	0.0538476124147785
C11	s245s	6	0.0858802374667599
C11	s245s	7	0.133732590927066
C11	s245s	8	0.201149535075383
C11	s245s	9	0.288688455407021
C11	s245s	10	0.391055611986478
C11	s245s	11	0.49707742539874
C11	s245s	12	0.593935532664177
C11	s245s	13	0.672791054665929
C11	s245s	14	0.731183863438197
C11	s245s	15	0.771458505917215
C11	s245s	16	0.797894178012153
C11	s245s	17	0.814686401922569
C11	s245s	18	0.825131829576081
C11	s245s	19	0.831544831810913
C11	s245s	20	0.835450530668543
C12	s245s	1	0.00583123644177444
C12	s245s	2	0.0101207896343393
C12	s245s	3	0.0174998973056767
C12	s245s	4	0.0300650773448839
C12	s245s	5	0.0510942498682467
C12	s245s	6	0.0852903652337126
C12	s245s	7	0.138377079749913
C12	s245s	8	0.215132440930143
C12	s245s	9	0.315421241100819
C12	s245s	10	0.430442680743789
C12	s245s	11	0.544194698924898
C12	s245s	12	0.641347184599135
C12	s245s	13	0.714460180399568
C12	s245s	14	0.764411324519059
C12	s245s	15	0.796324837541135
C12	s245s	16	0.815849083597916
C12	s245s	17	0.827478493179247
C12	s245s	18	0.834295356772369
C12	s245s	19	0.838253762818428
C12	s245s	20	0.840539760140718
D1	s272	1	0.00933329305997564
D1	s272	2	0.0156255609242277
D1	s272	3	0.0260259797043307
D1	s272	4	0.0429851819861878
D1	s272	5	0.0700370864341586
D1	s272	6	0.111708270860261
D1	s272	7	0.172570048946903
D1	s272	8	0.254883964416452
D1	s272	9	0.355355267807129
D1	s272	10	0.463700084175803
D1	s272	11	0.565987917779722
D1	s272	12	0.651125869265492
D1	s272	13	0.714865865982222
D1	s272	14	0.758901466027312
D1	s272	15	0.787661570228532
D1	s272	16	0.805761761199483
D1	s272	17	0.816888755313716
D1	s272	18	0.823630543266983
D1	s272	19	0.827679525050711
D1	s272	20	0.830098405471905
D2	s272	1	0.00965129973141631
D2	s272	2	0.0159350008645974
D2	s272	3	0.0261829068337981
D2	s272	4	0.0426854240542559
D2	s272	5	0.0687250703914196
D2	s272	6	0.108523628961315
D2	s272	7	0.166480120100416
D2	s272	8	0.24520036658898
D2	s272	9	0.342581719401627
D2	s272	10	0.450024877306483
D2	s272	11	0.554586236727771
D2	s272	12	0.644624970115995
D2	s272	13	0.714344695465167
D2	s272	14	0.764020035035505
D2	s272	15	0.797352780610899
D2	s272	16	0.818828455494871
D2	s272	17	0.83230461567861
D2	s272	18	0.840621512075776
D2	s272	19	0.84570174669836
D2	s272	20	0.848785422667688
D3	s272	1	0.00807817262107957
D3	s272	2	0.0131497431734185
D3	s272	3	0.0213245510183665
D3	s272	4	0.0343723773763487
D3	s272	5	0.0548743746412205
D3	s272	6	0.0863093086140501
D3	s272	7	0.13274130653469
D3	s272	8	0.197677157446755
D3	s272	9	0.281875652003558
D3	s272	10	0.380957063369076
D3	s272	11	0.485070810317666
D3	s272	12	0.582232968947196
D3	s272	13	0.663369370714269
D3	s272	14	0.725066522936919
D3	s272	15	0.768722915465026
D3	s272	16	0.798063990509744
D3	s272	17	0.817107801684162
D3	s272	18	0.829189790015851
D3	s272	19	0.836744542815537
D3	s272	20	0.841425669388194
D4	s272	1	0.00893843062969135
D4	s272	2	0.014486309282507
D4	s272	3	0.0233816485219809
D4	s272	4	0.03749341959292
D4	s272	5	0.0595074404422037
D4	s272	6	0.092963946139155
D4	s272	7	0.141845770836166
D4	s272	8	0.209303348802093
D4	s272	9	0.295416871355297
D4	s272	10	0.395039319646611
D4	s272	11	0.497970585772752
D4	s272	12	0.592616647068291
D4	s272	13	0.670759119679494
D4	s272	14	0.729738805066787
D4	s272	15	0.771309395745222
D4	s272	16	0.79921584276602
D4	s272	17	0.817341816733528
D4	s272	18	0.828864201103354
D4	s272	19	0.836088783442461
D4	s272	20	0.840579647835257
D5	s245	1	7.10264015479037e-05
D5	s245	2	0.000128481738162967
D5	s245	3	0.00023239916824376
D5	s245	4	0.000420316393463169
D5	s245	5	0.000760020215497973
D5	s245	6	0.00137374457679106
D5	s245	7	0.00248132438413594
D5	s245	8	0.00447624944459408
D5	s245	9	0.00805678639115446
D5	s245	10	0.0144427658478811
D5	s245	11	0.0257050918881241
D5	s245	12	0.0451793539015507
D5	s245	13	0.0777318273082434
D5	s245	14	0.129182474794936
D5	s245	15	0.203718357983933
D5	s245	16	0.299118281373717
D5	s245	17	0.403590903654361
D5	s245	18	0.500152724124441
D5	s245	19	0.576381182476286
D5	s245	20	0.62940726148985
D6	s245	1	4.15727725649728e-05
D6	s245	2	7.85668349852505e-05
D6	s245	3	0.000148473689453925
D6	s245	4	0.000280557512096553
D6	s245	5	0.000530057292347702
D6	s245	6	0.00100112594959241
D6	s245	7	0.00188973034567673
D6	s245	8	0.00356312241902968
D6	s245	9	0.00670438227754428
D6	s245	10	0.012565997709456
D6	s245	11	0.0233829576089613
D6	s245	12	0.0429411851871341
D6	s245	13	0.077033558869928
D6	s245	14	0.132834455609818
D6	s245	15	0.215386218590006
D6	s245	16	0.320908458551476
D6	s245	17	0.433205137672708
D6	s245	18	0.531640468657346
D6	s245	19	0.60429327481092
D6	s245	20	0.651393736497218
D7	s245	1	2.03959303900802e-05
D7	s245	2	3.92812292866786e-05
D7	s245	3	7.56512229288957e-05
D7	s245	4	0.000145688842872088
D7	s245	5	0.000280541478089189
D7	s245	6	0.000540121815892105
D7	s245	7	0.00103953667291966
D7	s245	8	0.00199942957871502
D7	s245	9	0.00384088493360815
D7	s245	10	0.00736071993701252
D7	s245	11	0.0140422122445548
D7	s245	12	0.0265600325162775
D7	s245	13	0.0494461959365196
D7	s245	14	0.0894784051230239
D7	s245	15	0.154369499499388
D7	s245	16	0.247602210265045
D7	s245	17	0.360717365742951
D7	s245	18	0.472885402326154
D7	s245	19	0.56393500401317
D7	s245	20	0.626573463891508
D8	s245	1	5.46584332664631e-05
D8	s245	2	8.07679229854109e-05
D8	s245	3	0.000119349512846503
D8	s245	4	0.000176360932533066
D8	s245	5	0.000260605827215962
D8	s245	6	0.000385093207441339
D8	s245	7	0.000569046287237403
D8	s245	8	0.000840870913161689
D8	s245	9	0.00124254196605515
D8	s245	10	0.00183608507914924
D8	s245	11	0.00271315457274566
D8	s245	12	0.00400918662020814
D8	s245	13	0.00592431316237459
D8	s245	14	0.0087542660749792
D8	s245	15	0.0129360437775009
D8	s245	16	0.019115392071152
D8	s245	17	0.0282465195207144
D8	s245	18	0.041739445311556
D8	s245	19	0.0616777328523224
D8	s245	20	0.0911402312472542
D9	s246	1	5.23961449329791e-07
D9	s246	2	1.10000446645088e-06
D9	s246	3	2.30934609399052e-06
D9	s246	4	4.84822168167789e-06
D9	s246	5	1.01782600398103e-05
D9	s246	6	2.13677913520569e-05
D9	s246	7	4.48575211128088e-05
D9	s246	8	9.41648798773853e-05
D9	s246	9	0.000197649888127021
D9	s246	10	0.000414770168945845
D9	s246	11	0.000869992865123287
D9	s246	12	0.00182305198999358
D9	s246	13	0.00381236404470048
D9	s246	14	0.00793856275724418
D9	s246	15	0.0163863271142503
D9	s246	16	0.033229830743888
D9	s246	17	0.0651074525482784
D9	s246	18	0.119890677758476
D9	s246	19	0.200082596432319
D9	s246	20	0.293635776468328
D10	s246	1	4.88740534332282e-06
D10	s246	2	9.95883451009643e-06
D10	s246	3	2.02924828206148e-05
D10	s246	4	4.13480237948656e-05
D10	s246	5	8.42480504855386e-05
D10	s246	6	0.000171646710837127
D10	s246	7	0.00034966411614611
D10	s246	8	0.000712105544808955
D10	s246	9	0.00144940187415586
D10	s246	10	0.00294664274802835
D10	s246	11	0.00597641647990815
D10	s246	12	0.0120638752771205
D10	s246	13	0.0241217339016604
D10	s246	14	0.0473450689183966
D10	s246	15	0.0897501195391229
D10	s246	16	0.160139686122938
D10	s246	17	0.260344335778195
D10	s246	18	0.375722103182423
D10	s246	19	0.480150271857631
D10	s246	20	0.555987495760627
D11	s246	1	5.70072053758176e-06
D11	s246	2	1.18160747550664e-05
D11	s246	3	2.44913392189196e-05
D11	s246	4	5.07625212438529e-05
D11	s246	5	0.000105209728766903
D11	s246	6	0.000218037629555393
D11	s246	7	0.000451783115623134
D11	s246	8	0.000935769851940851
D11	s246	9	0.00193677000586435
D11	s246	10	0.0040022592893013
D11	s246	11	0.0082438268009351
D11	s246	12	0.016868809235892
D11	s246	13	0.0340616525033755
D11	s246	14	0.0670132669564018
D11	s246	15	0.125664265504448
D11	s246	16	0.217505419513198
D11	s246	17	0.335965847017825
D11	s246	18	0.455706291986358
D11	s246	19	0.550335681432708
D11	s246	20	0.611608389742999
D12	s246	1	1.46066052420575e-05
D12	s246	2	2.97652810575865e-05
D12	s246	3	6.06542025725547e-05
D12	s246	4	0.000123592428823842
D12	s246	5	0.000251815355998535
D12	s246	6	0.00051296743833161
D12	s246	7	0.00104454916567669
D12	s246	8	0.00212532421978245
D12	s246	9	0.00431743100427585
D12	s246	10	0.00874212831285873
D12	s246	11	0.0175865190814033
D12	s246	12	0.0349254749801815
D12	s246	13	0.0676598363092857
D12	s246	14	0.125279676359715
D12	s246	15	0.215219701674829
D12	s246	16	0.332278681948088
D12	s246	17	0.453253034565035
D12	s246	18	0.55184397457547
D12	s246	19	0.617786330033626
D12	s246	20	0.656268502979765
E1	s247s	1	0.00991195877652959
E1	s247s	2	0.016675885117138
E1	s247s	3	0.0279016848541431
E1	s247s	4	0.0462634123319278
E1	s247s	5	0.0755936853734844
E1	s247s	6	0.120715898655993
E1	s247s	7	0.18626892873966
E1	s247s	8	0.273991950203678
E1	s247s	9	0.37931407159075
E1	s247s	10	0.490473008893222
E1	s247s	11	0.592917092292751
E1	s247s	12	0.676186558483086
E1	s247s	13	0.737230502435396
E1	s247s	14	0.778676298547975
E1	s247s	15	0.805370719561581
E1	s247s	16	0.821984741696942
E1	s247s	17	0.832105305770588
E1	s247s	18	0.838189889329718
E1	s247s	19	0.841819155757243
E1	s247s	20	0.843973687113557
E2	s247s	1	0.00658026068704162
E2	s247s	2	0.0112283821938727
E2	s247s	3	0.0190862087721739
E2	s247s	4	0.0322337470000832
E2	s247s	5	0.0538565255945129
E2	s247s	6	0.0884307456766655
E2	s247s	7	0.141300278694275
E2	s247s	8	0.216870598937295
E2	s247s	9	0.3150880217442
E2	s247s	10	0.428084799398036
E2	s247s	11	0.54120638154145
E2	s247s	12	0.639735476951251
E2	s247s	13	0.715674601872392
E2	s247s	14	0.768869000110732
E2	s247s	15	0.803685476146936
E2	s247s	16	0.825471755864909
E2	s247s	17	0.838723224739827
E2	s247s	18	0.846644798008783
E2	s247s	19	0.85133120197436
E2	s247s	20	0.854086628256462
E3	s247s	1	0.00682282243126046
E3	s247s	2	0.01141170737544
E3	s247s	3	0.0190175607809378
E3	s247s	4	0.0315027833015905
E3	s247s	5	0.0516763998319224
E3	s247s	6	0.0834552920596374
E3	s247s	7	0.131565731972518
E3	s247s	8	0.200190033301547
E3	s247s	9	0.290197594714155
E3	s247s	10	0.396095207068216
E3	s247s	11	0.505863122780078
E3	s247s	12	0.605670402608457
E3	s247s	13	0.686173623342294
E3	s247s	14	0.745060494277452
E3	s247s	15	0.785126313636723
E3	s247s	16	0.811061311428854
E3	s247s	17	0.82731178152056
E3	s247s	18	0.837287330381562
E3	s247s	19	0.843334013999214
E3	s247s	20	0.846971165476337
E4	s247s	1	0.0074422200701109
E4	s247s	2	0.0123175622128308
E4	s247s	3	0.0203096987690297
E4	s247s	4	0.0332813806009587
E4	s247s	5	0.0539986513466372
E4	s247s	6	0.0862499115517881
E4	s247s	7	0.134507757215263
E4	s247s	8	0.202601864894749
E4	s247s	9	0.291137226391712
E4	s247s	10	0.394762613070293
E4	s247s	11	0.502120262412275
E4	s247s	12	0.600165048030348
E4	s247s	13	0.67991453593435
E4	s247s	14	0.73889331287455
E4	s247s	15	0.779511524622317
E4	s247s	16	0.806131127807048
E4	s247s	17	0.823013871004102
E4	s247s	18	0.833499622314972
E4	s247s	19	0.839927849286094
E4	s247s	20	0.843837169719889
E5	s247s	1	0.00827239095391371
E5	s247s	2	0.01351254402799
E5	s247s	3	0.0219850315136002
E5	s247s	4	0.0355432117939791
E5	s247s	5	0.0568859587089252
E5	s247s	6	0.0896282992912845
E5	s247s	7	0.137925186477984
E5	s247s	8	0.205193031192582
E5	s247s	9	0.291762378974766
E5	s247s	10	0.392506375306436
E5	s247s	11	0.496886557845211
E5	s247s	12	0.592792352981199
E5	s247s	13	0.671661877440898
E5	s247s	14	0.730816086063897
E5	s247s	15	0.772190345961744
E5	s247s	16	0.799735121003955
E5	s247s	17	0.817475401249939
E5	s247s	18	0.82865846496811
E5	s247s	19	0.835612904985915
E5	s247s	20	0.839901210541205
E6	s247s	1	0.00898396378792858
E6	s247s	2	0.0146476079868338
E6	s247s	3	0.02378102673908
E6	s247s	4	0.0383488035537371
E6	s247s	5	0.0611815330948644
E6	s247s	6	0.0960053345130522
E6	s247s	7	0.146968228252982
E6	s247s	8	0.217214272203674
E6	s247s	9	0.306448280145656
E6	s247s	10	0.408747383419458
E6	s247s	11	0.513096413429294
E6	s247s	12	0.607594254929203
E6	s247s	13	0.684382870874296
E6	s247s	14	0.741471902804229
E6	s247s	15	0.78117040562669
E6	s247s	16	0.807509564607067
E6	s247s	17	0.824444850418533
E6	s247s	18	0.835114886294133
E6	s247s	19	0.841751753046562
E6	s247s	20	0.845847032118259
E7	s247s	1	0.00757174368387721
E7	s247s	2	0.0124323784539905
E7	s247s	3	0.0203380852105122
E7	s247s	4	0.0330728846020533
E7	s247s	5	0.0532706703233878
E7	s247s	6	0.0845295941347161
E7	s247s	7	0.131118645534568
E7	s247s	8	0.196798100399869
E7	s247s	9	0.282479223136332
E7	s247s	10	0.383611383970581
E7	s247s	11	0.48979286670852
E7	s247s	12	0.588415053204932
E7	s247s	13	0.670119989842307
E7	s247s	14	0.731636770615984
E7	s247s	15	0.774700161819446
E7	s247s	16	0.803331459416445
E7	s247s	17	0.821720759360249
E7	s247s	18	0.833270978696579
E7	s247s	19	0.840424140430317
E7	s247s	20	0.84481558350826
E8	s247s	1	0.00817611180829054
E8	s247s	2	0.0131945494478281
E8	s247s	3	0.021214796301733
E8	s247s	4	0.0339103946450904
E8	s247s	5	0.0537056742535708
E8	s247s	6	0.0838557929107874
E8	s247s	7	0.128176147420932
E8	s247s	8	0.190041135120641
E8	s247s	9	0.270436281987657
E8	s247s	10	0.365731688647161
E8	s247s	11	0.467112469341576
E8	s247s	12	0.563284290116654
E8	s247s	13	0.645087892229725
E8	s247s	14	0.708458258174455
E8	s247s	15	0.754084477624068
E8	s247s	16	0.785232138954435
E8	s247s	17	0.805730658251918
E8	s247s	18	0.818897485002248
E8	s247s	19	0.827223578746851
E8	s247s	20	0.832436607121958
E9	s247s	1	0.00726417824416805
E9	s247s	2	0.0119399644805498
E9	s247s	3	0.0195546417607959
E9	s247s	4	0.0318384885783403
E9	s247s	5	0.0513548951322183
E9	s247s	6	0.08162391038885
E9	s247s	7	0.126858312990757
E9	s247s	8	0.19083970412951
E9	s247s	9	0.274636242236402
E9	s247s	10	0.373979569511804
E9	s247s	11	0.478745180551423
E9	s247s	12	0.576436459925485
E9	s247s	13	0.65761827084583
E9	s247s	14	0.718865803673479
E9	s247s	15	0.761788041960157
E9	s247s	16	0.790336322792126
E9	s247s	17	0.808670045023029
E9	s247s	18	0.820180207973852
E9	s247s	19	0.827303958467351
E9	s247s	20	0.831674004623897
E10	s247s	1	0.00647265958862651
E10	s247s	2	0.010702606909224
E10	s247s	3	0.0176386754717681
E10	s247s	4	0.0289139210424795
E10	s247s	5	0.0469870559218131
E10	s247s	6	0.0753137599412329
E10	s247s	7	0.118186446905087
E10	s247s	8	0.179760093453548
E10	s247s	9	0.261845933649712
E10	s247s	10	0.36105253672326
E10	s247s	11	0.467670358643469
E10	s247s	12	0.56872519121207
E10	s247s	13	0.65372266101574
E10	s247s	14	0.718320339776993
E10	s247s	15	0.763731132459925
E10	s247s	16	0.793932001680365
E10	s247s	17	0.813283569794177
E10	s247s	18	0.825389184435944
E10	s247s	19	0.83284862287537
E10	s247s	20	0.837402452783008
E11	s247s	1	0.00483518648298502
E11	s247s	2	0.00809062346137546
E11	s247s	3	0.0135033001387248
E11	s247s	4	0.0224417742406502
E11	s247s	5	0.0370383617539043
E11	s247s	6	0.0604442599646611
E11	s247s	7	0.0969010096030338
E11	s247s	8	0.151192005799148
E11	s247s	9	0.22686557282218
E11	s247s	10	0.323162502592778
E11	s247s	11	0.432445072217824
E11	s247s	12	0.541455739545557
E11	s247s	13	0.637064464747132
E11	s247s	14	0.711904196050237
E11	s247s	15	0.765438908453935
E11	s247s	16	0.801313977056829
E11	s247s	17	0.824315237458634
E11	s247s	18	0.838647154828377
E11	s247s	19	0.847418883837918
E11	s247s	20	0.852728865161419
E12	empty	1	0.0024991258424718
E12	empty	2	0.00190025433813681
E12	empty	3	0.0015701355289433
E12	empty	4	0.00136246639905896
E12	empty	5	0.0012207999785169
E12	empty	6	0.00111873947894873
E12	empty	7	0.00104228756885977
E12	empty	8	0.000983329141378668
E12	empty	9	0.000936833896939523
E12	empty	10	0.000899516910625965
E12	empty	11	0.000869141506609868
E12	empty	12	0.000844131688114678
E12	empty	13	0.000823344803577032
E12	empty	14	0.000805932137184555
E12	empty	15	0.000791250146653353
E12	empty	16	0.000778802100627184
E12	empty	17	0.00076819861848723
E12	empty	18	0.000759130329668242
E12	empty	19	0.000751348515420139
E12	empty	20	0.000744651134848536
F1	s247s	1	0.00769513707013016
F1	s247s	2	0.0132929616452881
F1	s247s	3	0.0228538669950972
F1	s247s	4	0.0389752677170213
F1	s247s	5	0.0655791749862574
F1	s247s	6	0.1079577809447
F1	s247s	7	0.171807557203315
F1	s247s	8	0.26036480390712
F1	s247s	9	0.370060997051509
F1	s247s	10	0.488397636845018
F1	s247s	11	0.598453358583984
F1	s247s	12	0.687554342695926
F1	s247s	13	0.751937186273198
F1	s247s	14	0.794735029075718
F1	s247s	15	0.82162884275738
F1	s247s	16	0.837935962685529
F1	s247s	17	0.847610592651455
F1	s247s	18	0.853276240603407
F1	s247s	19	0.856568938835532
F1	s247s	20	0.858474074296145
F2	s247s	1	0.00693498485341119
F2	s247s	2	0.0121310057663186
F2	s247s	3	0.0211237178465113
F2	s247s	4	0.03649574057501
F2	s247s	5	0.0622243168620397
F2	s247s	6	0.103804230795666
F2	s247s	7	0.167339971383871
F2	s247s	8	0.256567744929678
F2	s247s	9	0.368085505481166
F2	s247s	10	0.488803217612607
F2	s247s	11	0.600749810359679
F2	s247s	12	0.6906188757781
F2	s247s	13	0.75477353529751
F2	s247s	14	0.796831802587678
F2	s247s	15	0.822885482337598
F2	s247s	16	0.838462379408121
F2	s247s	17	0.84757863532081
F2	s247s	18	0.852847282962775
F2	s247s	19	0.855870170578554
F2	s247s	20	0.857597316781549
F3	s247s	1	0.00437621027735969
F3	s247s	2	0.00746638674795394
F3	s247s	3	0.0127056240478145
F3	s247s	4	0.0215267155984741
F3	s247s	5	0.0362053724143843
F3	s247s	6	0.0601612755534705
F3	s247s	7	0.0980448976722833
F3	s247s	8	0.155066499346194
F3	s247s	9	0.234816304964921
F3	s247s	10	0.335610048364643
F3	s247s	11	0.447876697842827
F3	s247s	12	0.556607262639937
F3	s247s	13	0.64855152434967
F3	s247s	14	0.717792229603608
F3	s247s	15	0.765518753210084
F3	s247s	16	0.79644326573771
F3	s247s	17	0.815685556347278
F3	s247s	18	0.827358561009085
F3	s247s	19	0.834331008309798
F3	s247s	20	0.838457294933351
F4	s247s	1	0.00559404970912688
F4	s247s	2	0.00952533091717738
F4	s247s	3	0.0161664088885205
F4	s247s	4	0.027287158022572
F4	s247s	5	0.0456385883147105
F4	s247s	6	0.0752024131324984
F4	s247s	7	0.121031985797535
F4	s247s	8	0.188005195530271
F4	s247s	9	0.277891476427024
F4	s247s	10	0.385678410912651
F4	s247s	11	0.498762639577909
F4	s247s	12	0.601929315378
F4	s247s	13	0.684718762414386
F4	s247s	14	0.744581857592496
F4	s247s	15	0.784683162446247
F4	s247s	16	0.810189608721964
F4	s247s	17	0.825882063494424
F4	s247s	18	0.835339742986873
F4	s247s	19	0.840969165709134
F4	s247s	20	0.844295088870524
F5	s247s	1	0.00502699692067002
F5	s247s	2	0.00829908884419837
F5	s247s	3	0.0136659762063388
F5	s247s	4	0.0224095885058161
F5	s247s	5	0.0364991737508672
F5	s247s	6	0.0588070862561565
F5	s247s	7	0.0931608450697983
F5	s247s	8	0.143868812580664
F5	s247s	9	0.214219110113965
F5	s247s	10	0.303869251587417
F5	s247s	11	0.406512888420397
F5	s247s	12	0.510568117779888
F5	s247s	13	0.603821123037074
F5	s247s	14	0.67860174258572
F5	s247s	15	0.733402708111487
F5	s247s	16	0.770966887804885
F5	s247s	17	0.795551574811125
F5	s247s	18	0.811157850587037
F5	s247s	19	0.820873506374958
F5	s247s	20	0.826848779724822
F6	s247s	1	0.00680340706025412
F6	s247s	2	0.0114940134217031
F6	s247s	3	0.019344251095228
F6	s247s	4	0.0323489172397961
F6	s247s	5	0.0535319956321473
F6	s247s	6	0.0871063277959065
F6	s247s	7	0.13808133188333
F6	s247s	8	0.210636804287705
F6	s247s	9	0.304956205437391
F6	s247s	10	0.414100447824923
F6	s247s	11	0.524619173074863
F6	s247s	12	0.622393161658508
F6	s247s	13	0.699082691669412
F6	s247s	14	0.753749898348742
F6	s247s	15	0.79011782532298
F6	s247s	16	0.81321314745148
F6	s247s	17	0.827449609429566
F6	s247s	18	0.836064821740577
F6	s247s	19	0.841220223161194
F6	s247s	20	0.844284582903837
F7	s247s	1	0.00623526148187775
F7	s247s	2	0.010543662391513
F7	s247s	3	0.0177661330211364
F7	s247s	4	0.0297599735810059
F7	s247s	5	0.0493686327840469
F7	s247s	6	0.0806224168289109
F7	s247s	7	0.128474329864152
F7	s247s	8	0.197410018387954
F7	s247s	9	0.288479893944795
F7	s247s	10	0.395946488399557
F7	s247s	11	0.50708682266941
F7	s247s	12	0.607395418674572
F7	s247s	13	0.687396233776759
F7	s247s	14	0.745138141892867
F7	s247s	15	0.783878550840267
F7	s247s	16	0.808612842511281
F7	s247s	17	0.823908247611952
F7	s247s	18	0.833180621740404
F7	s247s	19	0.83873413549292
F7	s247s	20	0.842036240742832
F8	s247s	1	0.00457367687834004
F8	s247s	2	0.00770242751706618
F8	s247s	3	0.0129380584364416
F8	s247s	4	0.0216392272601564
F8	s247s	5	0.0359357075809462
F8	s247s	6	0.0589907341725512
F8	s247s	7	0.0950726340107656
F8	s247s	8	0.148976089968385
F8	s247s	9	0.224157066353522
F8	s247s	10	0.319552646086516
F8	s247s	11	0.42706694232508
F8	s247s	12	0.533187096550953
F8	s247s	13	0.625067595587611
F8	s247s	14	0.696018682916904
F8	s247s	15	0.746118275187134
F8	s247s	16	0.779301073868825
F8	s247s	17	0.800357456975052
F8	s247s	18	0.813357792899914
F8	s247s	19	0.821248934589542
F8	s247s	20	0.825989467460071
F9	s247s	1	0.00525488275025402
F9	s247s	2	0.00886575539248976
F9	s247s	3	0.0149137644746557
F9	s247s	4	0.0249644120915817
F9	s247s	5	0.0414501812365261
F9	s247s	6	0.0679210581001096
F9	s247s	7	0.109003818972153
F9	s247s	8	0.169515801121925
F9	s247s	9	0.252114584034218
F9	s247s	10	0.353878448217701
F9	s247s	11	0.464539329090248
F9	s247s	12	0.569672949565574
F9	s247s	13	0.657491272307291
F9	s247s	14	0.723295086773237
F9	s247s	15	0.768699013540371
F9	s247s	16	0.798272680648169
F9	s247s	17	0.816818692714873
F9	s247s	18	0.828173946611243
F9	s247s	19	0.83502483015167
F9	s247s	20	0.839121451827612
F10	s247s	1	0.00524629805738674
F10	s247s	2	0.00893816148600721
F10	s247s	3	0.0151819601734351
F10	s247s	4	0.0256561548349615
F10	s247s	5	0.0429895788807647
F10	s247s	6	0.0710383711972783
F10	s247s	7	0.114820811734185
F10	s247s	8	0.179461655991807
F10	s247s	9	0.267459735993756
F10	s247s	10	0.374892467481449
F10	s247s	11	0.489895756692243
F10	s247s	12	0.596909758251895
F10	s247s	13	0.684265152285747
F10	s247s	14	0.748262730600643
F10	s247s	15	0.791527406205315
F10	s247s	16	0.819209747994437
F10	s247s	17	0.836303169030528
F10	s247s	18	0.846627324536632
F10	s247s	19	0.85277988828493
F10	s247s	20	0.856417175427666
F11	s247s	1	0.00540346218978392
F11	s247s	2	0.0093026505598551
F11	s247s	3	0.0159627459412525
F11	s247s	4	0.0272377062088894
F11	s247s	5	0.0460401936944767
F11	s247s	6	0.0766226885454922
F11	s247s	7	0.124400926980685
F11	s247s	8	0.194538076649803
F11	s247s	9	0.288624974999293
F11	s247s	10	0.400666250273248
F11	s247s	11	0.516620447676071
F11	s247s	12	0.620438592568068
F11	s247s	13	0.702005274467183
F11	s247s	14	0.759756206261785
F11	s247s	15	0.797698918453318
F11	s247s	16	0.821417505668129
F11	s247s	17	0.8357861478689
F11	s247s	18	0.844325649120895
F11	s247s	19	0.849343194355524
F11	s247s	20	0.852271592172374
F12	s247s	1	0.00678211476166843
F12	s247s	2	0.0118394469134483
F12	s247s	3	0.0205763737428221
F12	s247s	4	0.0354890253349908
F12	s247s	5	0.0604259637632346
F12	s247s	6	0.100728896908988
F12	s247s	7	0.162411652910772
F12	s247s	8	0.249362663909964
F12	s247s	9	0.358719505012967
F12	s247s	10	0.478112241584662
F12	s247s	11	0.589912888058518
F12	s247s	12	0.680526395532555
F12	s247s	13	0.745754450101661
F12	s247s	14	0.788806459322317
F12	s247s	15	0.815617752158848
F12	s247s	16	0.831715140472381
F12	s247s	17	0.841168480007345
F12	s247s	18	0.846648057598422
F12	s247s	19	0.849800262693562
F12	s247s	20	0.851605705053604
G1	s247s	1	0.00841034059529775
G1	s247s	2	0.0143562913085471
G1	s247s	3	0.0243869467010657
G1	s247s	4	0.0410894480624705
G1	s247s	5	0.0683074582374953
G1	s247s	6	0.111137877071024
G1	s247s	7	0.174963673946568
G1	s247s	8	0.262754298499353
G1	s247s	9	0.371080157445012
G1	s247s	10	0.488169410043225
G1	s247s	11	0.597935378083055
G1	s247s	12	0.687927378100612
G1	s247s	13	0.753943934311926
G1	s247s	14	0.798526359395225
G1	s247s	15	0.826976333677668
G1	s247s	16	0.844480704796875
G1	s247s	17	0.855009741860459
G1	s247s	18	0.861257092688941
G1	s247s	19	0.864933908847332
G1	s247s	20	0.867087514571974
G2	s247s	1	0.00655421663253245
G2	s247s	2	0.0112952054329819
G2	s247s	3	0.0193886652156705
G2	s247s	4	0.033058399148619
G2	s247s	5	0.0557350319678596
G2	s247s	6	0.0922542257067142
G2	s247s	7	0.148347610101196
G2	s247s	8	0.228537896674795
G2	s247s	9	0.332151089378729
G2	s247s	10	0.44984643065546
G2	s247s	11	0.565478350892275
G2	s247s	12	0.663970178556862
G2	s247s	13	0.738165424054043
G2	s247s	14	0.789047999960018
G2	s247s	15	0.821735805435469
G2	s247s	16	0.84186198789616
G2	s247s	17	0.853931519111579
G2	s247s	18	0.861055434910872
G2	s247s	19	0.865220874941904
G2	s247s	20	0.86764306958805
G3	s247s	1	0.0069329874826086
G3	s247s	2	0.0121278821433884
G3	s247s	3	0.0211202367541569
G3	s247s	4	0.0364969394222053
G3	s247s	5	0.0622493177017068
G3	s247s	6	0.10391162949373
G3	s247s	7	0.167680717475533
G3	s247s	8	0.257459364587792
G3	s247s	9	0.370037475036877
G3	s247s	10	0.492374954609003
G3	s247s	11	0.606267862187772
G3	s247s	12	0.698012876753788
G3	s247s	13	0.763679944706649
G3	s247s	14	0.806809345468945
G3	s247s	15	0.833558905760185
G3	s247s	16	0.849564071584438
G3	s247s	17	0.858935433585071
G3	s247s	18	0.864353147994198
G3	s247s	19	0.867462174670865
G3	s247s	20	0.869238778674305
G4	s247s	1	0.00705870467847801
G4	s247s	2	0.0119175620734924
G4	s247s	3	0.020042631303498
G4	s247s	4	0.0334890001851357
G4	s247s	5	0.0553634069509448
G4	s247s	6	0.0899746840359886
G4	s247s	7	0.142405147419352
G4	s247s	8	0.216811201627499
G4	s247s	9	0.313181075243035
G4	s247s	10	0.42423338899123
G4	s247s	11	0.536210939317242
G4	s247s	12	0.634906893614717
G4	s247s	13	0.712097875022722
G4	s247s	14	0.767017148838627
G4	s247s	15	0.803512797442652
G4	s247s	16	0.826677971602256
G4	s247s	17	0.840956367746187
G4	s247s	18	0.84959848155684
G4	s247s	19	0.854771688348491
G4	s247s	20	0.85784792405061
G5	s247s	1	0.00621159059077867
G5	s247s	2	0.0106727430750563
G5	s247s	3	0.0182692195815392
G5	s247s	4	0.0310744578310001
G5	s247s	5	0.0522965886055917
G5	s247s	6	0.086497403775791
G5	s247s	7	0.139203570444478
G5	s247s	8	0.215079853935118
G5	s247s	9	0.314249322106224
G5	s247s	10	0.428686096719385
G5	s247s	11	0.543213619882648
G5	s247s	12	0.642608738364838
G5	s247s	13	0.718750030057554
G5	s247s	14	0.77168748121573
G5	s247s	15	0.80605910073738
G5	s247s	16	0.82739542559708
G5	s247s	17	0.840272609418852
G5	s247s	18	0.847912848606604
G5	s247s	19	0.852400077125485
G5	s247s	20	0.85501977428196
G6	s247s	1	0.00586733927709281
G6	s247s	2	0.00998905203893454
G6	s247s	3	0.016949026479464
G6	s247s	4	0.0285960875480492
G6	s247s	5	0.0477952805988198
G6	s247s	6	0.0786710360663608
G6	s247s	7	0.12640423972731
G6	s247s	8	0.195877240107474
G6	s247s	9	0.288597092485381
G6	s247s	10	0.399002637952441
G6	s247s	11	0.513931988310599
G6	s247s	12	0.617986391340151
G6	s247s	13	0.700945792974551
G6	s247s	14	0.760634039639395
G6	s247s	15	0.800479704610387
G6	s247s	16	0.82576620889642
G6	s247s	17	0.841301394409014
G6	s247s	18	0.850656309056352
G6	s247s	19	0.856221766293724
G6	s247s	20	0.859508946322709
G7	s247s	1	0.00537297218785441
G7	s247s	2	0.00930053530603411
G7	s247s	3	0.0160453339366424
G7	s247s	4	0.027523674355767
G7	s247s	5	0.0467595763542982
G7	s247s	6	0.0781801720163406
G7	s247s	7	0.12741567019474
G7	s247s	8	0.199759319421778
G7	s247s	9	0.296600837764502
G7	s247s	10	0.411250444016367
G7	s247s	11	0.528793838273421
G7	s247s	12	0.632803122764437
G7	s247s	13	0.713507253221805
G7	s247s	14	0.769977099433598
G7	s247s	15	0.806691579628325
G7	s247s	16	0.829434881624252
G7	s247s	17	0.843103945198101
G7	s247s	18	0.851170436057685
G7	s247s	19	0.855879425954351
G7	s247s	20	0.858611040041138
G8	s247s	1	0.00656915269081164
G8	s247s	2	0.0112913023503067
G8	s247s	3	0.019331097563969
G8	s247s	4	0.0328739912199235
G8	s247s	5	0.0552814377317151
G8	s247s	6	0.0912784250497727
G8	s247s	7	0.14645385313026
G8	s247s	8	0.225220839527403
G8	s247s	9	0.326962716018763
G8	s247s	10	0.44265869062102
G8	s247s	11	0.556613228275149
G8	s247s	12	0.654025953787941
G8	s247s	13	0.727710968699645
G8	s247s	14	0.778453852925912
G8	s247s	15	0.811179738356308
G8	s247s	16	0.831401902467679
G8	s247s	17	0.84356906372876
G8	s247s	18	0.850772668267926
G8	s247s	19	0.854996940151309
G8	s247s	20	0.857460200908155
G9	s247s	1	0.00608736018470126
G9	s247s	2	0.0104634534172577
G9	s247s	3	0.0179188982659389
G9	s247s	4	0.030494300430614
G9	s247s	5	0.0513525035020881
G9	s247s	6	0.0850037291749443
G9	s247s	7	0.136940677836926
G9	s247s	8	0.21185953880252
G9	s247s	9	0.310025459438358
G9	s247s	10	0.423633013579763
G9	s247s	11	0.537664872831048
G9	s247s	12	0.636885633475171
G9	s247s	13	0.713042878780171
G9	s247s	14	0.766060145535608
G9	s247s	15	0.800508818737173
G9	s247s	16	0.821899925915231
G9	s247s	17	0.834810928265073
G9	s247s	18	0.842470427470567
G9	s247s	19	0.846968060050814
G9	s247s	20	0.849593154932772
G10	s247s	1	0.00727027910725809
G10	s247s	2	0.0126791006713378
G10	s247s	3	0.0220077203710905
G10	s247s	4	0.0378919812258367
G10	s247s	5	0.0643576515128176
G10	s247s	6	0.106897166909358
G10	s247s	7	0.171475107911225
G10	s247s	8	0.261474033122629
G10	s247s	9	0.373021920882158
G10	s247s	10	0.492806157526332
G10	s247s	11	0.603160356684849
G10	s247s	12	0.691369525332881
G10	s247s	13	0.754213871778908
G10	s247s	14	0.795408137899999
G10	s247s	15	0.820955898670283
G10	s247s	16	0.836259535550681
G10	s247s	17	0.845236799202177
G10	s247s	18	0.850438393960353
G10	s247s	19	0.853430776948082
G10	s247s	20	0.855145148348768
G11	s247s	1	0.00630663084407676
G11	s247s	2	0.0113191158269802
G11	s247s	3	0.0202216641591265
G11	s247s	4	0.0358321536098854
G11	s247s	5	0.062600247810368
G11	s247s	6	0.106789190085771
G11	s247s	7	0.175352373874914
G11	s247s	8	0.272132390687157
G11	s247s	9	0.391960266497091
G11	s247s	10	0.518400314785704
G11	s247s	11	0.631182128713412
G11	s247s	12	0.71766664335946
G11	s247s	13	0.776609052112094
G11	s247s	14	0.813623419613556
G11	s247s	15	0.835685816255177
G11	s247s	16	0.848429255577646
G11	s247s	17	0.855656703216815
G11	s247s	18	0.85971332716793
G11	s247s	19	0.86197694243848
G11	s247s	20	0.863235926509569
G12	s247s	1	0.00819941321866717
G12	s247s	2	0.0138062548742037
G12	s247s	3	0.0231428482053305
G12	s247s	4	0.0385058092903974
G12	s247s	5	0.0632951217682323
G12	s247s	6	0.102058774476868
G12	s247s	7	0.159796117831855
G12	s247s	8	0.239849970040696
G12	s247s	9	0.340485306982516
G12	s247s	10	0.45249675930223
G12	s247s	11	0.561472136298985
G12	s247s	12	0.654461463288989
G12	s247s	13	0.725334193927368
G12	s247s	14	0.774838429374081
G12	s247s	15	0.807347209495394
G12	s247s	16	0.827838594308321
G12	s247s	17	0.840423361777607
G12	s247s	18	0.848029188818178
G12	s247s	19	0.852581377870577
G12	s247s	20	0.855290066195003
H1	s272	1	0.00753178908329918
H1	s272	2	0.0134619297952911
H1	s272	3	0.023935095930974
H1	s272	4	0.0421660622363536
H1	s272	5	0.0731163869855483
H1	s272	6	0.123491337147904
H1	s272	7	0.200112887966212
H1	s272	8	0.305431172153218
H1	s272	9	0.431696131773117
H1	s272	10	0.560458485082974
H1	s272	11	0.671821388735181
H1	s272	12	0.755217351900301
H1	s272	13	0.811178083332512
H1	s272	14	0.846017154110844
H1	s272	15	0.86670413898543
H1	s272	16	0.878644213933438
H1	s272	17	0.885423173414147
H1	s272	18	0.88923596419658
H1	s272	19	0.891369135115333
H1	s272	20	0.892559065549411
H2	s272	1	0.00882953396981097
H2	s272	2	0.0155715199559871
H2	s272	3	0.0273065766863675
H2	s272	4	0.0474198081283619
H2	s272	5	0.0809979279071561
H2	s272	6	0.134667318917229
H2	s272	7	0.214754469312842
H2	s272	8	0.322798211899136
H2	s272	9	0.450304485518531
H2	s272	10	0.579031804440523
H2	s272	11	0.690055702709797
H2	s272	12	0.77353136067546
H2	s272	13	0.830043873964227
H2	s272	14	0.86563736301362
H2	s272	15	0.887045722612579
H2	s272	16	0.899567004330947
H2	s272	17	0.906770913587433
H2	s272	18	0.910876375491432
H2	s272	19	0.913203393983311
H2	s272	20	0.914518318058261
H3	s272	1	0.00776948217277393
H3	s272	2	0.0136037966717394
H3	s272	3	0.0237039848990785
H3	s272	4	0.0409599392422666
H3	s272	5	0.0697872410105769
H3	s272	6	0.116186439361001
H3	s272	7	0.186574000045891
H3	s272	8	0.284306018956293
H3	s272	9	0.404551950479345
H3	s272	10	0.532298788282116
H3	s272	11	0.648495282262304
H3	s272	12	0.740177177084661
H3	s272	13	0.804733564482314
H3	s272	14	0.846633090708603
H3	s272	15	0.872407378330977
H3	s272	16	0.887742556110896
H3	s272	17	0.896686320994138
H3	s272	18	0.901841859894908
H3	s272	19	0.904793704136129
H3	s272	20	0.906477270773306
H4	s272	1	0.00892664374984417
H4	s272	2	0.0154602222269514
H4	s272	3	0.0266335385229039
H4	s272	4	0.0454686899301071
H4	s272	5	0.0764629902478029
H4	s272	6	0.125496192847101
H4	s272	7	0.198432056254368
H4	s272	8	0.297552930205834
H4	s272	9	0.416924544255743
H4	s272	10	0.541422957068566
H4	s272	11	0.653228020216706
H4	s272	12	0.740926083436059
H4	s272	13	0.802694396645517
H4	s272	14	0.842974990185115
H4	s272	15	0.867939639335802
H4	s272	16	0.882927025621843
H4	s272	17	0.89175317668676
H4	s272	18	0.896892158570051
H4	s272	19	0.899864507960622
H4	s272	20	0.901577095637465
H5	s247	1	3.26717627196042e-07
H5	s247	2	7.76340670989003e-07
H5	s247	3	1.84472521370354e-06
H5	s247	4	4.38338900463454e-06
H5	s247	5	1.04156393177049e-05
H5	s247	6	2.47489124983609e-05
H5	s247	7	5.88047884383131e-05
H5	s247	8	0.000139713030558452
H5	s247	9	0.000331882450274921
H5	s247	10	0.000788041691170104
H5	s247	11	0.00186930977389854
H5	s247	12	0.00442373521072512
H5	s247	13	0.0104108654169408
H5	s247	14	0.0241873039592479
H5	s247	15	0.0545854250391077
H5	s247	16	0.115869707662763
H5	s247	17	0.21965391650477
H5	s247	18	0.352545001166466
H5	s247	19	0.472967677286701
H5	s247	20	0.55237224354822
H6	s247	1	0.000322741859353109
H6	s247	2	0.000378052725129001
H6	s247	3	0.0004409194885173
H6	s247	4	0.000511714583779088
H6	s247	5	0.000590609905013427
H6	s247	6	0.000677515867174164
H6	s247	7	0.000772028243236591
H6	s247	8	0.000873392625653619
H6	s247	9	0.000980496418017439
H6	s247	10	0.00109189591115363
H6	s247	11	0.00120588107560612
H6	s247	12	0.00132057395768315
H6	s247	13	0.00143404964442255
H6	s247	14	0.00154446372234424
H6	s247	15	0.00165016865252538
H6	s247	16	0.00174980403512188
H6	s247	17	0.0018423514714306
H6	s247	18	0.00192715180329006
H6	s247	19	0.00200388889798833
H6	s247	20	0.0020725484173617
H7	s247	1	0
H7	s247	2	0
H7	s247	3	0
H7	s247	4	0
H7	s247	5	0
H7	s247	6	0
H7	s247	7	0
H7	s247	8	0
H7	s247	9	0
H7	s247	10	0
H7	s247	11	0
H7	s247	12	0
H7	s247	13	0
H7	s247	14	0
H7	s247	15	0
H7	s247	16	0
H7	s247	17	0
H7	s247	18	0
H7	s247	19	0
H7	s247	20	0
H8	s247	1	1.77079554806166e-08
H8	s247	2	4.38421150902202e-08
H8	s247	3	1.0854617575751e-07
H8	s247	4	2.68743172985932e-07
H8	s247	5	6.65365174676014e-07
H8	s247	6	1.64733520416337e-06
H8	s247	7	4.07851562005198e-06
H8	s247	8	1.00975942413576e-05
H8	s247	9	2.49990147878144e-05
H8	s247	10	6.18872404837498e-05
H8	s247	11	0.000153183899905189
H8	s247	12	0.000379019256703894
H8	s247	13	0.000936924050805869
H8	s247	14	0.00231072625264092
H8	s247	15	0.00566685879112782
H8	s247	16	0.0137090707248926
H8	s247	17	0.032120977564002
H8	s247	18	0.070203634446099
H8	s247	19	0.134713602781255
H8	s247	20	0.214220601234632
H9	s248	1	1.36148222090119e-05
H9	s248	2	2.91976435515672e-05
H9	s248	3	6.26142906428361e-05
H9	s248	4	0.000134269486738939
H9	s248	5	0.000287895219791072
H9	s248	6	0.000617150933087599
H9	s248	7	0.00132231119631367
H9	s248	8	0.00283019659372198
H9	s248	9	0.00604392255728685
H9	s248	10	0.0128451303425762
H9	s248	11	0.0270260927308731
H9	s248	12	0.0556987479819383
H9	s248	13	0.110228578397328
H9	s248	14	0.202813735719976
H9	s248	15	0.333385444372811
H9	s248	16	0.476399305807198
H9	s248	17	0.595518602613522
H9	s248	18	0.674114517022714
H9	s248	19	0.718320189542334
H9	s248	20	0.740977299683562
H10	s248	1	0.000555653211842734
H10	s248	2	0.000587414539989207
H10	s248	3	0.000620991355145741
H10	s248	4	0.000656487430927945
H10	s248	5	0.000694012472653563
H10	s248	6	0.000733682456396425
H10	s248	7	0.000775619987420327
H10	s248	8	0.000819954679100554
H10	s248	9	0.000866823553504041
H10	s248	10	0.000916371464866143
H10	s248	11	0.000968751547272667
H10	s248	12	0.00102412568793069
H10	s248	13	0.00108266502749069
H10	s248	14	0.00114455048896617
H10	s248	15	0.00120997333688524
H10	s248	16	0.00127913576840212
H10	s248	17	0.0013522515381952
H10	s248	18	0.00142954661908281
H10	s248	19	0.00151125990039794
H10	s248	20	0.00159764392628027
H11	s248	1	0
H11	s248	2	0
H11	s248	3	0
H11	s248	4	0
H11	s248	5	0
H11	s248	6	0
H11	s248	7	0
H11	s248	8	0
H11	s248	9	0
H11	s248	10	0
H11	s248	11	0
H11	s248	12	0
H11	s248	13	0
H11	s248	14	0
H11	s248	15	0
H11	s248	16	0
H11	s248	17	0
H11	s248	18	0
H11	s248	19	0
H11	s248	20	0
H12	s248	1	0.000524255455288457
H12	s248	2	0.00065973112203138
H12	s248	3	0.000813290838094982
H12	s248	4	0.000979949137216821
H12	s248	5	0.001152508385891
H12	s248	6	0.00132268695082179
H12	s248	7	0.00148264703258794
H12	s248	8	0.00162635577409965
H12	s248	9	0.00175031372656403
H12	s248	10	0.00185353588051145
H12	s248	11	0.00193699998091992
H12	s248	12	0.00200289772924418
H12	s248	13	0.00205395347722773
H12	s248	14	0.00209293462419409
H12	s248	15	0.00212236509346528
H12	s248	16	0.00214439739552879
H12	s248	17	0.00216078686120851
H12	s248	18	0.00217292121311261
H12	s248	19	0.00218187377556718
H12	s248	20	0.00218846180350907
