operon	locus_tag
TU286Y-1	GO593_RS18955
TU286Y-2	GO593_RS00005
TU286Y-3	GO593_RS00010
TU286Y-4	GO593_RS00015
TU286Y-5	GO593_RS00020
TU286Y-6	GO593_RS00025
TU286Y-7	GO593_RS00035
TU286Y-7	GO593_RS00030
TU286Y-8	GO593_RS00045
TU286Y-8	GO593_RS00040
TU286Y-9	GO593_RS00055
TU286Y-10	GO593_RS00060
TU286Y-11	GO593_RS00065
TU286Y-12	GO593_RS00090
TU286Y-12	GO593_RS00085
TU286Y-12	GO593_RS00080
TU286Y-12	GO593_RS00075
TU286Y-13	GO593_RS00100
TU286Y-13	GO593_RS00095
TU286Y-14	GO593_RS00105
TU286Y-15	GO593_RS00110
TU286Y-16	GO593_RS00125
TU286Y-16	GO593_RS00120
TU286Y-17	GO593_RS00130
TU286Y-18	GO593_RS00140
TU286Y-18	GO593_RS00135
TU286Y-19	GO593_RS00145
TU286Y-20	GO593_RS00160
TU286Y-20	GO593_RS00155
TU286Y-20	GO593_RS00150
TU286Y-21	GO593_RS00175
TU286Y-21	GO593_RS00170
TU286Y-21	GO593_RS00165
TU286Y-22	GO593_RS00185
TU286Y-22	GO593_RS00180
TU286Y-23	GO593_RS00195
TU286Y-24	GO593_RS00200
TU286Y-25	GO593_RS00205
TU286Y-26	GO593_RS00210
TU286Y-27	GO593_RS00225
TU286Y-27	GO593_RS00220
TU286Y-27	GO593_RS00215
TU286Y-28	GO593_RS00235
TU286Y-28	GO593_RS00230
TU286Y-29	GO593_RS00240
TU286Y-30	GO593_RS00245
TU286Y-31	GO593_RS00250
TU286Y-32	GO593_RS00255
TU286Y-33	GO593_RS00260
TU286Y-34	GO593_RS00265
TU286Y-35	GO593_RS00275
TU286Y-36	GO593_RS00280
TU286Y-37	GO593_RS00295
TU286Y-37	GO593_RS00290
TU286Y-38	GO593_RS00305
TU286Y-38	GO593_RS00300
TU286Y-39	GO593_RS00325
TU286Y-39	GO593_RS00320
TU286Y-40	GO593_RS00330
TU286Y-41	GO593_RS00335
TU286Y-42	GO593_RS00360
TU286Y-43	GO593_RS00370
TU286Y-43	GO593_RS00365
TU286Y-44	GO593_RS00375
TU286Y-45	GO593_RS00390
TU286Y-45	GO593_RS00385
TU286Y-45	GO593_RS00380
TU286Y-46	GO593_RS00395
TU286Y-47	GO593_RS00400
TU286Y-48	GO593_RS00415
TU286Y-48	GO593_RS00410
TU286Y-48	GO593_RS00405
TU286Y-49	GO593_RS00435
TU286Y-50	GO593_RS00440
TU286Y-51	GO593_RS00445
TU286Y-52	GO593_RS00455
TU286Y-52	GO593_RS00450
TU286Y-53	GO593_RS00475
TU286Y-53	GO593_RS00470
TU286Y-53	GO593_RS00465
TU286Y-53	GO593_RS00460
TU286Y-54	GO593_RS00485
TU286Y-54	GO593_RS00480
TU286Y-55	GO593_RS00490
TU286Y-56	GO593_RS00495
TU286Y-57	GO593_RS00505
TU286Y-57	GO593_RS00500
TU286Y-58	GO593_RS00510
TU286Y-59	GO593_RS00520
TU286Y-60	GO593_RS00525
TU286Y-61	GO593_RS00535
TU286Y-61	GO593_RS00530
TU286Y-62	GO593_RS00540
TU286Y-63	GO593_RS00550
TU286Y-63	GO593_RS00545
TU286Y-64	GO593_RS00560
TU286Y-64	GO593_RS00555
TU286Y-65	GO593_RS00590
TU286Y-65	GO593_RS00585
TU286Y-65	GO593_RS00580
TU286Y-65	GO593_RS00575
TU286Y-65	GO593_RS00570
TU286Y-65	GO593_RS00565
TU286Y-66	GO593_RS00615
TU286Y-66	GO593_RS00610
TU286Y-66	GO593_RS00605
TU286Y-66	GO593_RS00600
TU286Y-66	GO593_RS00595
TU286Y-67	GO593_RS00640
TU286Y-67	GO593_RS00635
TU286Y-67	GO593_RS00630
TU286Y-67	GO593_RS00625
TU286Y-67	GO593_RS00620
TU286Y-68	GO593_RS00650
TU286Y-68	GO593_RS00645
TU286Y-69	GO593_RS19030
TU286Y-69	GO593_RS00690
TU286Y-69	GO593_RS00685
TU286Y-69	GO593_RS00680
TU286Y-69	GO593_RS00675
TU286Y-69	GO593_RS00670
TU286Y-69	GO593_RS00665
TU286Y-69	GO593_RS00660
TU286Y-69	GO593_RS00655
TU286Y-70	GO593_RS00700
TU286Y-70	GO593_RS00695
TU286Y-71	GO593_RS00715
TU286Y-71	GO593_RS00710
TU286Y-71	GO593_RS00705
TU286Y-72	GO593_RS00725
TU286Y-72	GO593_RS00720
TU286Y-73	GO593_RS00735
TU286Y-73	GO593_RS00730
TU286Y-74	GO593_RS00755
TU286Y-74	GO593_RS00750
TU286Y-74	GO593_RS00745
TU286Y-74	GO593_RS00740
TU286Y-75	GO593_RS00760
TU286Y-76	GO593_RS00790
TU286Y-76	GO593_RS00785
TU286Y-76	GO593_RS00780
TU286Y-76	GO593_RS00775
TU286Y-76	GO593_RS00770
TU286Y-76	GO593_RS00765
TU286Y-77	GO593_RS00795
TU286Y-78	GO593_RS00820
TU286Y-78	GO593_RS00815
TU286Y-78	GO593_RS00810
TU286Y-78	GO593_RS00805
TU286Y-79	GO593_RS00830
TU286Y-79	GO593_RS00825
TU286Y-80	GO593_RS00835
TU286Y-81	GO593_RS00840
TU286Y-82	GO593_RS00850
TU286Y-82	GO593_RS00845
TU286Y-83	GO593_RS00855
TU286Y-84	GO593_RS00860
TU286Y-85	GO593_RS00865
TU286Y-86	GO593_RS00870
TU286Y-87	GO593_RS00875
TU286Y-88	GO593_RS00880
TU286Y-89	GO593_RS00885
TU286Y-90	GO593_RS00890
TU286Y-91	GO593_RS00900
TU286Y-92	GO593_RS00905
TU286Y-93	GO593_RS00910
TU286Y-94	GO593_RS00920
TU286Y-95	GO593_RS00930
TU286Y-95	GO593_RS00925
TU286Y-96	GO593_RS00935
TU286Y-97	GO593_RS00940
TU286Y-98	GO593_RS00945
TU286Y-99	GO593_RS00955
TU286Y-100	GO593_RS00960
TU286Y-101	GO593_RS00975
TU286Y-101	GO593_RS00970
TU286Y-101	GO593_RS00965
TU286Y-102	GO593_RS00980
TU286Y-103	GO593_RS00985
TU286Y-104	GO593_RS00990
TU286Y-105	GO593_RS01000
TU286Y-105	GO593_RS00995
TU286Y-106	GO593_RS01005
TU286Y-107	GO593_RS01015
TU286Y-107	GO593_RS01010
TU286Y-108	GO593_RS01020
TU286Y-109	GO593_RS01030
TU286Y-109	GO593_RS01025
TU286Y-110	GO593_RS01045
TU286Y-110	GO593_RS01040
TU286Y-110	GO593_RS01035
TU286Y-111	GO593_RS01060
TU286Y-111	GO593_RS01055
TU286Y-111	GO593_RS01050
TU286Y-112	GO593_RS01065
TU286Y-113	GO593_RS01070
TU286Y-114	GO593_RS01075
TU286Y-115	GO593_RS01080
TU286Y-116	GO593_RS01090
TU286Y-116	GO593_RS01085
TU286Y-117	GO593_RS01110
TU286Y-117	GO593_RS01105
TU286Y-117	GO593_RS01100
TU286Y-118	GO593_RS01125
TU286Y-118	GO593_RS01120
TU286Y-118	GO593_RS01115
TU286Y-119	GO593_RS01140
TU286Y-119	GO593_RS01135
TU286Y-119	GO593_RS01130
TU286Y-120	GO593_RS01150
TU286Y-120	GO593_RS01145
TU286Y-121	GO593_RS01175
TU286Y-121	GO593_RS01170
TU286Y-121	GO593_RS01165
TU286Y-121	GO593_RS01160
TU286Y-121	GO593_RS01155
TU286Y-122	GO593_RS01200
TU286Y-123	GO593_RS01205
TU286Y-124	GO593_RS01220
TU286Y-125	GO593_RS01225
TU286Y-126	GO593_RS01230
TU286Y-127	GO593_RS01240
TU286Y-127	GO593_RS01235
TU286Y-128	GO593_RS01245
TU286Y-129	GO593_RS01260
TU286Y-129	GO593_RS01255
TU286Y-129	GO593_RS01250
TU286Y-130	GO593_RS01265
TU286Y-131	GO593_RS01270
TU286Y-132	GO593_RS01280
TU286Y-132	GO593_RS01275
TU286Y-133	GO593_RS01290
TU286Y-134	GO593_RS01295
TU286Y-135	GO593_RS01300
TU286Y-136	GO593_RS01305
TU286Y-137	GO593_RS01310
TU286Y-138	GO593_RS01315
TU286Y-139	GO593_RS01320
TU286Y-140	GO593_RS01335
TU286Y-140	GO593_RS01330
TU286Y-140	GO593_RS01325
TU286Y-141	GO593_RS01340
TU286Y-142	GO593_RS01345
TU286Y-143	GO593_RS01350
TU286Y-144	GO593_RS01355
TU286Y-145	GO593_RS01360
TU286Y-146	GO593_RS01370
TU286Y-146	GO593_RS01365
TU286Y-147	GO593_RS01375
TU286Y-148	GO593_RS01380
TU286Y-149	GO593_RS01385
TU286Y-150	GO593_RS01395
TU286Y-151	GO593_RS01405
TU286Y-151	GO593_RS01400
TU286Y-152	GO593_RS01430
TU286Y-152	GO593_RS01425
TU286Y-153	GO593_RS01435
TU286Y-154	GO593_RS01440
TU286Y-155	GO593_RS01445
TU286Y-156	GO593_RS01450
TU286Y-157	GO593_RS01455
TU286Y-158	GO593_RS01460
TU286Y-159	GO593_RS01465
TU286Y-160	GO593_RS01470
TU286Y-161	GO593_RS01490
TU286Y-162	GO593_RS01495
TU286Y-163	GO593_RS01500
TU286Y-164	GO593_RS01505
TU286Y-165	GO593_RS01515
TU286Y-165	GO593_RS01510
TU286Y-166	GO593_RS01525
TU286Y-166	GO593_RS01520
TU286Y-167	GO593_RS01540
TU286Y-168	GO593_RS01545
TU286Y-169	GO593_RS01550
TU286Y-170	GO593_RS01555
TU286Y-171	GO593_RS01560
TU286Y-172	GO593_RS01565
TU286Y-173	GO593_RS01585
TU286Y-173	GO593_RS01580
TU286Y-173	GO593_RS01575
TU286Y-173	GO593_RS01570
TU286Y-174	GO593_RS01590
TU286Y-175	GO593_RS01600
TU286Y-175	GO593_RS01595
TU286Y-176	GO593_RS01605
TU286Y-177	GO593_RS01610
TU286Y-178	GO593_RS01625
TU286Y-178	GO593_RS01620
TU286Y-179	GO593_RS01635
TU286Y-179	GO593_RS01630
TU286Y-180	GO593_RS01645
TU286Y-180	GO593_RS01640
TU286Y-181	GO593_RS01650
TU286Y-182	GO593_RS01655
TU286Y-183	GO593_RS01660
TU286Y-184	GO593_RS01665
TU286Y-185	GO593_RS01670
TU286Y-186	GO593_RS01675
TU286Y-187	GO593_RS01685
TU286Y-188	GO593_RS01690
TU286Y-189	GO593_RS01695
TU286Y-190	GO593_RS01700
TU286Y-191	GO593_RS01715
TU286Y-191	GO593_RS01710
TU286Y-192	GO593_RS01725
TU286Y-193	GO593_RS01755
TU286Y-193	GO593_RS01750
TU286Y-193	GO593_RS01745
TU286Y-193	GO593_RS01740
TU286Y-193	GO593_RS01735
TU286Y-193	GO593_RS01730
TU286Y-194	GO593_RS01770
TU286Y-194	GO593_RS01765
TU286Y-194	GO593_RS01760
TU286Y-195	GO593_RS01775
TU286Y-196	GO593_RS01780
TU286Y-197	GO593_RS01790
TU286Y-198	GO593_RS01805
TU286Y-198	GO593_RS01800
TU286Y-198	GO593_RS01795
TU286Y-199	GO593_RS01815
TU286Y-199	GO593_RS01810
TU286Y-200	GO593_RS01830
TU286Y-200	GO593_RS01825
TU286Y-200	GO593_RS01820
TU286Y-201	GO593_RS01835
TU286Y-202	GO593_RS01845
TU286Y-203	GO593_RS01860
TU286Y-203	GO593_RS01855
TU286Y-203	GO593_RS01850
TU286Y-204	GO593_RS01870
TU286Y-204	GO593_RS01865
TU286Y-205	GO593_RS01875
TU286Y-206	GO593_RS01890
TU286Y-207	GO593_RS01895
TU286Y-208	GO593_RS01900
TU286Y-209	GO593_RS01905
TU286Y-210	GO593_RS01915
TU286Y-210	GO593_RS01910
TU286Y-211	GO593_RS01920
TU286Y-212	GO593_RS01950
TU286Y-212	GO593_RS01945
TU286Y-212	GO593_RS01940
TU286Y-212	GO593_RS01935
TU286Y-212	GO593_RS01930
TU286Y-212	GO593_RS01925
TU286Y-213	GO593_RS01960
TU286Y-214	GO593_RS01965
TU286Y-215	GO593_RS01980
TU286Y-215	GO593_RS01975
TU286Y-215	GO593_RS01970
TU286Y-216	GO593_RS01990
TU286Y-216	GO593_RS01985
TU286Y-217	GO593_RS02000
TU286Y-217	GO593_RS01995
TU286Y-218	GO593_RS02010
TU286Y-218	GO593_RS02005
TU286Y-219	GO593_RS02020
TU286Y-219	GO593_RS02015
TU286Y-220	GO593_RS02030
TU286Y-221	GO593_RS02040
TU286Y-221	GO593_RS02035
TU286Y-222	GO593_RS02050
TU286Y-222	GO593_RS02045
TU286Y-223	GO593_RS19035
TU286Y-223	GO593_RS02055
TU286Y-224	GO593_RS02070
TU286Y-224	GO593_RS02065
TU286Y-225	GO593_RS02080
TU286Y-225	GO593_RS02075
TU286Y-226	GO593_RS02100
TU286Y-226	GO593_RS02095
TU286Y-226	GO593_RS02090
TU286Y-226	GO593_RS02085
TU286Y-227	GO593_RS02105
TU286Y-228	GO593_RS02115
TU286Y-228	GO593_RS02110
TU286Y-229	GO593_RS02120
TU286Y-230	GO593_RS02135
TU286Y-230	GO593_RS02130
TU286Y-231	GO593_RS02150
TU286Y-231	GO593_RS02145
TU286Y-231	GO593_RS02140
TU286Y-232	GO593_RS02155
TU286Y-233	GO593_RS02160
TU286Y-234	GO593_RS02165
TU286Y-235	GO593_RS02175
TU286Y-235	GO593_RS02170
TU286Y-236	GO593_RS02180
TU286Y-237	GO593_RS02185
TU286Y-238	GO593_RS02190
TU286Y-239	GO593_RS02210
TU286Y-239	GO593_RS02205
TU286Y-240	GO593_RS02215
TU286Y-241	GO593_RS02225
TU286Y-241	GO593_RS02220
TU286Y-242	GO593_RS02245
TU286Y-243	GO593_RS02250
TU286Y-244	GO593_RS02260
TU286Y-245	GO593_RS02265
TU286Y-246	GO593_RS02270
TU286Y-247	GO593_RS02275
TU286Y-248	GO593_RS02280
TU286Y-249	GO593_RS02285
TU286Y-250	GO593_RS02305
TU286Y-251	GO593_RS02310
TU286Y-252	GO593_RS02315
TU286Y-253	GO593_RS02325
TU286Y-253	GO593_RS02320
TU286Y-254	GO593_RS02340
TU286Y-254	GO593_RS02335
TU286Y-255	GO593_RS02345
TU286Y-256	GO593_RS02350
TU286Y-257	GO593_RS02355
TU286Y-258	GO593_RS02360
TU286Y-259	GO593_RS02370
TU286Y-259	GO593_RS02365
TU286Y-260	GO593_RS02380
TU286Y-261	GO593_RS02385
TU286Y-262	GO593_RS02390
TU286Y-263	GO593_RS02395
TU286Y-264	GO593_RS02400
TU286Y-265	GO593_RS02405
TU286Y-266	GO593_RS02415
TU286Y-266	GO593_RS02410
TU286Y-267	GO593_RS02430
TU286Y-267	GO593_RS02425
TU286Y-268	GO593_RS02435
TU286Y-269	GO593_RS02440
TU286Y-270	GO593_RS02445
TU286Y-271	GO593_RS02465
TU286Y-271	GO593_RS02460
TU286Y-272	GO593_RS02470
TU286Y-273	GO593_RS02475
TU286Y-274	GO593_RS02485
TU286Y-274	GO593_RS02480
TU286Y-275	GO593_RS02500
TU286Y-275	GO593_RS02495
TU286Y-276	GO593_RS02515
TU286Y-276	GO593_RS02510
TU286Y-276	GO593_RS02505
TU286Y-277	GO593_RS02525
TU286Y-278	GO593_RS02545
TU286Y-278	GO593_RS02540
TU286Y-278	GO593_RS02535
TU286Y-278	GO593_RS02530
TU286Y-279	GO593_RS02565
TU286Y-280	GO593_RS02570
TU286Y-281	GO593_RS02580
TU286Y-282	GO593_RS02585
TU286Y-283	GO593_RS02590
TU286Y-284	GO593_RS02600
TU286Y-284	GO593_RS02595
TU286Y-285	GO593_RS02605
TU286Y-286	GO593_RS02620
TU286Y-287	GO593_RS02625
TU286Y-288	GO593_RS02630
TU286Y-289	GO593_RS02635
TU286Y-290	GO593_RS02640
TU286Y-291	GO593_RS02650
TU286Y-291	GO593_RS02645
TU286Y-292	GO593_RS02655
TU286Y-293	GO593_RS02665
TU286Y-293	GO593_RS02660
TU286Y-294	GO593_RS02685
TU286Y-294	GO593_RS02680
TU286Y-294	GO593_RS02675
TU286Y-294	GO593_RS02670
TU286Y-295	GO593_RS02695
TU286Y-295	GO593_RS02690
TU286Y-296	GO593_RS02700
TU286Y-297	GO593_RS02710
TU286Y-297	GO593_RS02705
TU286Y-298	GO593_RS02720
TU286Y-299	GO593_RS02725
TU286Y-300	GO593_RS02730
TU286Y-301	GO593_RS02735
TU286Y-302	GO593_RS02740
TU286Y-303	GO593_RS02765
TU286Y-303	GO593_RS02760
TU286Y-303	GO593_RS02755
TU286Y-304	GO593_RS02770
TU286Y-305	GO593_RS02775
TU286Y-306	GO593_RS02780
TU286Y-307	GO593_RS02785
TU286Y-308	GO593_RS02795
TU286Y-308	GO593_RS02790
TU286Y-309	GO593_RS02800
TU286Y-310	GO593_RS02805
TU286Y-311	GO593_RS02810
TU286Y-312	GO593_RS02815
TU286Y-313	GO593_RS02820
TU286Y-314	GO593_RS02825
TU286Y-315	GO593_RS02830
TU286Y-316	GO593_RS02835
TU286Y-317	GO593_RS02840
TU286Y-318	GO593_RS02845
TU286Y-319	GO593_RS02850
TU286Y-320	GO593_RS02860
TU286Y-321	GO593_RS02865
TU286Y-322	GO593_RS02875
TU286Y-323	GO593_RS02880
TU286Y-324	GO593_RS02885
TU286Y-325	GO593_RS02890
TU286Y-326	GO593_RS02910
TU286Y-326	GO593_RS02905
TU286Y-326	GO593_RS02900
TU286Y-326	GO593_RS02895
TU286Y-327	GO593_RS02925
TU286Y-327	GO593_RS02920
TU286Y-327	GO593_RS02915
TU286Y-328	GO593_RS02930
TU286Y-329	GO593_RS02935
TU286Y-330	GO593_RS02940
TU286Y-331	GO593_RS02950
TU286Y-332	GO593_RS02955
TU286Y-333	GO593_RS02960
TU286Y-334	GO593_RS02965
TU286Y-335	GO593_RS02970
TU286Y-336	GO593_RS02975
TU286Y-337	GO593_RS02990
TU286Y-338	GO593_RS02995
TU286Y-339	GO593_RS03000
TU286Y-340	GO593_RS03005
TU286Y-341	GO593_RS03035
TU286Y-341	GO593_RS03030
TU286Y-341	GO593_RS03025
TU286Y-341	GO593_RS03020
TU286Y-341	GO593_RS03015
TU286Y-341	GO593_RS03010
TU286Y-342	GO593_RS03040
TU286Y-343	GO593_RS03045
TU286Y-344	GO593_RS03050
TU286Y-345	GO593_RS03055
TU286Y-346	GO593_RS03060
TU286Y-347	GO593_RS03070
TU286Y-347	GO593_RS03065
TU286Y-348	GO593_RS03075
TU286Y-349	GO593_RS03080
TU286Y-350	GO593_RS03090
TU286Y-350	GO593_RS03085
TU286Y-351	GO593_RS03095
TU286Y-352	GO593_RS03105
TU286Y-352	GO593_RS03100
TU286Y-353	GO593_RS03110
TU286Y-354	GO593_RS03115
TU286Y-355	GO593_RS03120
TU286Y-356	GO593_RS03125
TU286Y-357	GO593_RS03130
TU286Y-358	GO593_RS03135
TU286Y-359	GO593_RS03140
TU286Y-360	GO593_RS03145
TU286Y-361	GO593_RS03150
TU286Y-362	GO593_RS03160
TU286Y-362	GO593_RS03155
TU286Y-363	GO593_RS03165
TU286Y-364	GO593_RS03175
TU286Y-364	GO593_RS03170
TU286Y-365	GO593_RS03180
TU286Y-366	GO593_RS03185
TU286Y-367	GO593_RS03190
TU286Y-368	GO593_RS03195
TU286Y-369	GO593_RS03205
TU286Y-369	GO593_RS03200
TU286Y-370	GO593_RS19040
TU286Y-370	GO593_RS03210
TU286Y-371	GO593_RS03220
TU286Y-372	GO593_RS03225
TU286Y-373	GO593_RS03230
TU286Y-374	GO593_RS03235
TU286Y-375	GO593_RS03245
TU286Y-375	GO593_RS03240
TU286Y-376	GO593_RS03250
TU286Y-377	GO593_RS03255
TU286Y-378	GO593_RS03260
TU286Y-379	GO593_RS03265
TU286Y-380	GO593_RS03275
TU286Y-380	GO593_RS03270
TU286Y-381	GO593_RS03285
TU286Y-381	GO593_RS03280
TU286Y-382	GO593_RS03295
TU286Y-382	GO593_RS03290
TU286Y-383	GO593_RS03300
TU286Y-384	GO593_RS03305
TU286Y-385	GO593_RS03310
TU286Y-386	GO593_RS03315
TU286Y-387	GO593_RS03320
TU286Y-388	GO593_RS03325
TU286Y-389	GO593_RS03330
TU286Y-390	GO593_RS03350
TU286Y-390	GO593_RS03345
TU286Y-390	GO593_RS03340
TU286Y-390	GO593_RS03335
TU286Y-391	GO593_RS03355
TU286Y-392	GO593_RS03380
TU286Y-392	GO593_RS03375
TU286Y-392	GO593_RS03370
TU286Y-392	GO593_RS03365
TU286Y-393	GO593_RS03385
TU286Y-394	GO593_RS03390
TU286Y-395	GO593_RS03395
TU286Y-396	GO593_RS03405
TU286Y-397	GO593_RS03410
TU286Y-398	GO593_RS03420
TU286Y-398	GO593_RS03415
TU286Y-399	GO593_RS03425
TU286Y-400	GO593_RS03430
TU286Y-401	GO593_RS03435
TU286Y-402	GO593_RS03445
TU286Y-403	GO593_RS03450
TU286Y-404	GO593_RS03465
TU286Y-405	GO593_RS03470
TU286Y-406	GO593_RS03475
TU286Y-407	GO593_RS03480
TU286Y-408	GO593_RS03500
TU286Y-408	GO593_RS03495
TU286Y-409	GO593_RS03530
TU286Y-409	GO593_RS03525
TU286Y-409	GO593_RS03520
TU286Y-409	GO593_RS03515
TU286Y-409	GO593_RS03510
TU286Y-410	GO593_RS03540
TU286Y-410	GO593_RS03535
TU286Y-411	GO593_RS03545
TU286Y-412	GO593_RS03550
TU286Y-413	GO593_RS03560
TU286Y-413	GO593_RS03555
TU286Y-414	GO593_RS03565
TU286Y-415	GO593_RS03570
TU286Y-416	GO593_RS03575
TU286Y-417	GO593_RS03580
TU286Y-418	GO593_RS03590
TU286Y-418	GO593_RS03585
TU286Y-419	GO593_RS03600
TU286Y-420	GO593_RS03605
TU286Y-421	GO593_RS03630
TU286Y-421	GO593_RS03625
TU286Y-421	GO593_RS03620
TU286Y-421	GO593_RS03615
TU286Y-422	GO593_RS03645
TU286Y-422	GO593_RS03640
TU286Y-423	GO593_RS03660
TU286Y-423	GO593_RS03655
TU286Y-423	GO593_RS03650
TU286Y-424	GO593_RS03665
TU286Y-425	GO593_RS03670
TU286Y-426	GO593_RS03675
TU286Y-427	GO593_RS03680
TU286Y-428	GO593_RS03685
TU286Y-429	GO593_RS03695
TU286Y-429	GO593_RS03690
TU286Y-430	GO593_RS03700
TU286Y-431	GO593_RS03705
TU286Y-432	GO593_RS03715
TU286Y-432	GO593_RS03710
TU286Y-433	GO593_RS03735
TU286Y-434	GO593_RS03745
TU286Y-434	GO593_RS03740
TU286Y-435	GO593_RS03750
TU286Y-436	GO593_RS03765
TU286Y-436	GO593_RS03760
TU286Y-436	GO593_RS03755
TU286Y-437	GO593_RS03775
TU286Y-437	GO593_RS03770
TU286Y-438	GO593_RS03790
TU286Y-438	GO593_RS03785
TU286Y-438	GO593_RS03780
TU286Y-439	GO593_RS03805
TU286Y-439	GO593_RS03800
TU286Y-439	GO593_RS03795
TU286Y-440	GO593_RS03820
TU286Y-440	GO593_RS03815
TU286Y-440	GO593_RS03810
TU286Y-441	GO593_RS03830
TU286Y-442	GO593_RS03840
TU286Y-442	GO593_RS03835
TU286Y-443	GO593_RS03845
TU286Y-444	GO593_RS03850
TU286Y-445	GO593_RS03860
TU286Y-445	GO593_RS03855
TU286Y-446	GO593_RS03865
TU286Y-447	GO593_RS03875
TU286Y-447	GO593_RS03870
TU286Y-448	GO593_RS03880
TU286Y-449	GO593_RS03885
TU286Y-450	GO593_RS03890
TU286Y-451	GO593_RS03895
TU286Y-452	GO593_RS03900
TU286Y-453	GO593_RS03905
TU286Y-454	GO593_RS03910
TU286Y-455	GO593_RS03915
TU286Y-456	GO593_RS03925
TU286Y-456	GO593_RS03920
TU286Y-457	GO593_RS03935
TU286Y-458	GO593_RS03940
TU286Y-459	GO593_RS03945
TU286Y-460	GO593_RS03975
TU286Y-460	GO593_RS03970
TU286Y-461	GO593_RS03995
TU286Y-462	GO593_RS04010
TU286Y-462	GO593_RS04005
TU286Y-462	GO593_RS04000
TU286Y-463	GO593_RS04015
TU286Y-464	GO593_RS04030
TU286Y-464	GO593_RS04025
TU286Y-464	GO593_RS04020
TU286Y-465	GO593_RS04035
TU286Y-466	GO593_RS04040
TU286Y-467	GO593_RS04045
TU286Y-468	GO593_RS04055
TU286Y-468	GO593_RS04050
TU286Y-469	GO593_RS04065
TU286Y-470	GO593_RS04090
TU286Y-470	GO593_RS04085
TU286Y-470	GO593_RS04080
TU286Y-470	GO593_RS04075
TU286Y-470	GO593_RS04070
TU286Y-471	GO593_RS04100
TU286Y-471	GO593_RS04095
TU286Y-472	GO593_RS04150
TU286Y-472	GO593_RS04145
TU286Y-472	GO593_RS04140
TU286Y-472	GO593_RS04135
TU286Y-472	GO593_RS04130
TU286Y-472	GO593_RS04125
TU286Y-472	GO593_RS04120
TU286Y-472	GO593_RS04115
TU286Y-472	GO593_RS04110
TU286Y-472	GO593_RS04105
TU286Y-473	GO593_RS04200
TU286Y-473	GO593_RS04195
TU286Y-473	GO593_RS04190
TU286Y-473	GO593_RS04185
TU286Y-473	GO593_RS04180
TU286Y-473	GO593_RS04175
TU286Y-473	GO593_RS04170
TU286Y-473	GO593_RS04165
TU286Y-473	GO593_RS04160
TU286Y-473	GO593_RS04155
TU286Y-474	GO593_RS04205
TU286Y-475	GO593_RS04210
TU286Y-476	GO593_RS04215
TU286Y-477	GO593_RS04220
TU286Y-478	GO593_RS04225
TU286Y-479	GO593_RS04230
TU286Y-480	GO593_RS04235
TU286Y-481	GO593_RS04240
TU286Y-482	GO593_RS04245
TU286Y-483	GO593_RS04250
TU286Y-484	GO593_RS04260
TU286Y-485	GO593_RS04265
TU286Y-486	GO593_RS04275
TU286Y-486	GO593_RS04270
TU286Y-487	GO593_RS04285
TU286Y-487	GO593_RS04280
TU286Y-488	GO593_RS04300
TU286Y-488	GO593_RS04295
TU286Y-489	GO593_RS04315
TU286Y-489	GO593_RS04310
TU286Y-489	GO593_RS04305
TU286Y-490	GO593_RS04320
TU286Y-491	GO593_RS04325
TU286Y-492	GO593_RS04330
TU286Y-493	GO593_RS04335
TU286Y-494	GO593_RS04340
TU286Y-495	GO593_RS04345
TU286Y-496	GO593_RS04350
TU286Y-497	GO593_RS04375
TU286Y-498	GO593_RS04385
TU286Y-498	GO593_RS04380
TU286Y-499	GO593_RS04390
TU286Y-500	GO593_RS04400
TU286Y-500	GO593_RS04395
TU286Y-501	GO593_RS04405
TU286Y-502	GO593_RS04415
TU286Y-503	GO593_RS04420
TU286Y-504	GO593_RS04425
TU286Y-505	GO593_RS04435
TU286Y-505	GO593_RS04430
TU286Y-506	GO593_RS04465
TU286Y-506	GO593_RS04460
TU286Y-506	GO593_RS04455
TU286Y-506	GO593_RS04450
TU286Y-506	GO593_RS04445
TU286Y-507	GO593_RS04470
TU286Y-508	GO593_RS04475
TU286Y-509	GO593_RS04480
TU286Y-510	GO593_RS04490
TU286Y-510	GO593_RS04485
TU286Y-511	GO593_RS04495
TU286Y-512	GO593_RS04500
TU286Y-513	GO593_RS04505
TU286Y-514	GO593_RS04510
TU286Y-515	GO593_RS04515
TU286Y-516	GO593_RS04520
TU286Y-517	GO593_RS04525
TU286Y-518	GO593_RS04530
TU286Y-519	GO593_RS04540
TU286Y-519	GO593_RS04535
TU286Y-520	GO593_RS04545
TU286Y-521	GO593_RS04550
TU286Y-522	GO593_RS04555
TU286Y-523	GO593_RS04560
TU286Y-524	GO593_RS04565
TU286Y-525	GO593_RS04570
TU286Y-526	GO593_RS04580
TU286Y-526	GO593_RS04575
TU286Y-527	GO593_RS04585
TU286Y-528	GO593_RS04590
TU286Y-529	GO593_RS04595
TU286Y-530	GO593_RS04600
TU286Y-531	GO593_RS04610
TU286Y-531	GO593_RS04605
TU286Y-532	GO593_RS04625
TU286Y-532	GO593_RS04620
TU286Y-532	GO593_RS04615
TU286Y-533	GO593_RS04630
TU286Y-534	GO593_RS04645
TU286Y-534	GO593_RS04640
TU286Y-534	GO593_RS04635
TU286Y-535	GO593_RS04650
TU286Y-536	GO593_RS04655
TU286Y-537	GO593_RS04670
TU286Y-537	GO593_RS04665
TU286Y-537	GO593_RS04660
TU286Y-538	GO593_RS04675
TU286Y-539	GO593_RS04680
TU286Y-540	GO593_RS04685
TU286Y-541	GO593_RS04690
TU286Y-542	GO593_RS04695
TU286Y-543	GO593_RS04700
TU286Y-544	GO593_RS04715
TU286Y-544	GO593_RS04710
TU286Y-544	GO593_RS04705
TU286Y-545	GO593_RS04720
TU286Y-546	GO593_RS04730
TU286Y-546	GO593_RS04725
TU286Y-547	GO593_RS04750
TU286Y-547	GO593_RS04745
TU286Y-547	GO593_RS04740
TU286Y-547	GO593_RS04735
TU286Y-548	GO593_RS04770
TU286Y-548	GO593_RS04765
TU286Y-548	GO593_RS04760
TU286Y-548	GO593_RS04755
TU286Y-549	GO593_RS04785
TU286Y-549	GO593_RS04780
TU286Y-550	GO593_RS04815
TU286Y-550	GO593_RS04810
TU286Y-550	GO593_RS04805
TU286Y-550	GO593_RS04800
TU286Y-550	GO593_RS04795
TU286Y-550	GO593_RS04790
TU286Y-551	GO593_RS04820
TU286Y-552	GO593_RS04825
TU286Y-553	GO593_RS04840
TU286Y-553	GO593_RS04835
TU286Y-553	GO593_RS04830
TU286Y-554	GO593_RS04845
TU286Y-555	GO593_RS04850
TU286Y-556	GO593_RS04860
TU286Y-556	GO593_RS04855
TU286Y-557	GO593_RS04875
TU286Y-558	GO593_RS04890
TU286Y-558	GO593_RS04885
TU286Y-558	GO593_RS04880
TU286Y-559	GO593_RS04895
TU286Y-560	GO593_RS04900
TU286Y-561	GO593_RS04905
TU286Y-562	GO593_RS04915
TU286Y-563	GO593_RS04920
TU286Y-564	GO593_RS04925
TU286Y-565	GO593_RS04930
TU286Y-566	GO593_RS04950
TU286Y-566	GO593_RS04945
TU286Y-566	GO593_RS04940
TU286Y-566	GO593_RS04935
TU286Y-567	GO593_RS04955
TU286Y-568	GO593_RS04965
TU286Y-568	GO593_RS04960
TU286Y-569	GO593_RS04970
TU286Y-570	GO593_RS04980
TU286Y-570	GO593_RS04975
TU286Y-571	GO593_RS04985
TU286Y-572	GO593_RS04995
TU286Y-572	GO593_RS04990
TU286Y-573	GO593_RS05020
TU286Y-573	GO593_RS05015
TU286Y-573	GO593_RS05010
TU286Y-574	GO593_RS05035
TU286Y-575	GO593_RS05040
TU286Y-576	GO593_RS05045
TU286Y-577	GO593_RS05050
TU286Y-578	GO593_RS05055
TU286Y-579	GO593_RS05075
TU286Y-580	GO593_RS05085
TU286Y-580	GO593_RS05080
TU286Y-581	GO593_RS05090
TU286Y-582	GO593_RS05100
TU286Y-582	GO593_RS05095
TU286Y-583	GO593_RS05110
TU286Y-583	GO593_RS05105
TU286Y-584	GO593_RS05120
TU286Y-585	GO593_RS05125
TU286Y-586	GO593_RS05135
TU286Y-586	GO593_RS05130
TU286Y-587	GO593_RS05150
TU286Y-588	GO593_RS05155
TU286Y-589	GO593_RS05160
TU286Y-590	GO593_RS05170
TU286Y-590	GO593_RS05165
TU286Y-591	GO593_RS05175
TU286Y-592	GO593_RS05185
TU286Y-592	GO593_RS05180
TU286Y-593	GO593_RS05195
TU286Y-593	GO593_RS05190
TU286Y-594	GO593_RS05205
TU286Y-595	GO593_RS05210
TU286Y-596	GO593_RS05220
TU286Y-596	GO593_RS05215
TU286Y-597	GO593_RS05235
TU286Y-598	GO593_RS05255
TU286Y-598	GO593_RS05250
TU286Y-598	GO593_RS05245
TU286Y-598	GO593_RS05240
TU286Y-599	GO593_RS05260
TU286Y-600	GO593_RS05265
TU286Y-601	GO593_RS05270
TU286Y-602	GO593_RS05280
TU286Y-603	GO593_RS05285
TU286Y-604	GO593_RS05295
TU286Y-604	GO593_RS05290
TU286Y-605	GO593_RS05315
TU286Y-606	GO593_RS05320
TU286Y-607	GO593_RS05330
TU286Y-607	GO593_RS05325
TU286Y-608	GO593_RS05335
TU286Y-609	GO593_RS05340
TU286Y-610	GO593_RS05350
TU286Y-611	GO593_RS05355
TU286Y-612	GO593_RS05375
TU286Y-613	GO593_RS05380
TU286Y-614	GO593_RS05390
TU286Y-614	GO593_RS05385
TU286Y-615	GO593_RS05400
TU286Y-615	GO593_RS05395
TU286Y-616	GO593_RS05405
TU286Y-617	GO593_RS05425
TU286Y-617	GO593_RS05420
TU286Y-617	GO593_RS05415
TU286Y-618	GO593_RS05430
TU286Y-619	GO593_RS05435
TU286Y-620	GO593_RS05440
TU286Y-621	GO593_RS05450
TU286Y-622	GO593_RS05455
TU286Y-623	GO593_RS05465
TU286Y-623	GO593_RS05460
TU286Y-624	GO593_RS05470
TU286Y-625	GO593_RS05480
TU286Y-626	GO593_RS05490
TU286Y-626	GO593_RS05485
TU286Y-627	GO593_RS05510
TU286Y-627	GO593_RS05505
TU286Y-627	GO593_RS05500
TU286Y-627	GO593_RS05495
TU286Y-628	GO593_RS05515
TU286Y-629	GO593_RS05520
TU286Y-630	GO593_RS05525
TU286Y-631	GO593_RS05535
TU286Y-632	GO593_RS05540
TU286Y-633	GO593_RS05550
TU286Y-634	GO593_RS05555
TU286Y-635	GO593_RS05570
TU286Y-635	GO593_RS05565
TU286Y-635	GO593_RS05560
TU286Y-636	GO593_RS05575
TU286Y-637	GO593_RS05580
TU286Y-638	GO593_RS05595
TU286Y-638	GO593_RS05590
TU286Y-638	GO593_RS05585
TU286Y-639	GO593_RS05600
TU286Y-640	GO593_RS05615
TU286Y-640	GO593_RS05610
TU286Y-641	GO593_RS05620
TU286Y-642	GO593_RS05630
TU286Y-642	GO593_RS05625
TU286Y-643	GO593_RS19045
TU286Y-644	GO593_RS05650
TU286Y-644	GO593_RS05645
TU286Y-645	GO593_RS05660
TU286Y-645	GO593_RS05655
TU286Y-646	GO593_RS05665
TU286Y-647	GO593_RS05680
TU286Y-647	GO593_RS05675
TU286Y-647	GO593_RS05670
TU286Y-648	GO593_RS05685
TU286Y-649	GO593_RS05695
TU286Y-650	GO593_RS05705
TU286Y-650	GO593_RS05700
TU286Y-651	GO593_RS05710
TU286Y-652	GO593_RS05720
TU286Y-652	GO593_RS05715
TU286Y-653	GO593_RS05725
TU286Y-654	GO593_RS05730
TU286Y-655	GO593_RS05735
TU286Y-656	GO593_RS05745
TU286Y-657	GO593_RS05750
TU286Y-658	GO593_RS05755
TU286Y-659	GO593_RS05760
TU286Y-660	GO593_RS05780
TU286Y-660	GO593_RS05775
TU286Y-660	GO593_RS05770
TU286Y-660	GO593_RS05765
TU286Y-661	GO593_RS05795
TU286Y-661	GO593_RS05790
TU286Y-661	GO593_RS05785
TU286Y-662	GO593_RS05805
TU286Y-662	GO593_RS05800
TU286Y-663	GO593_RS05810
TU286Y-664	GO593_RS05835
TU286Y-664	GO593_RS05830
TU286Y-664	GO593_RS05825
TU286Y-664	GO593_RS05820
TU286Y-664	GO593_RS05815
TU286Y-665	GO593_RS05845
TU286Y-665	GO593_RS05840
TU286Y-666	GO593_RS05855
TU286Y-667	GO593_RS05860
TU286Y-668	GO593_RS05865
TU286Y-669	GO593_RS05880
TU286Y-669	GO593_RS05875
TU286Y-669	GO593_RS05870
TU286Y-670	GO593_RS05885
TU286Y-671	GO593_RS05900
TU286Y-672	GO593_RS05905
TU286Y-673	GO593_RS05910
TU286Y-674	GO593_RS05925
TU286Y-674	GO593_RS05920
TU286Y-674	GO593_RS05915
TU286Y-675	GO593_RS05930
TU286Y-676	GO593_RS05935
TU286Y-677	GO593_RS05940
TU286Y-678	GO593_RS05945
TU286Y-679	GO593_RS05950
TU286Y-680	GO593_RS05955
TU286Y-681	GO593_RS05960
TU286Y-682	GO593_RS05965
TU286Y-683	GO593_RS05970
TU286Y-684	GO593_RS05990
TU286Y-684	GO593_RS05985
TU286Y-684	GO593_RS05980
TU286Y-684	GO593_RS05975
TU286Y-685	GO593_RS06005
TU286Y-685	GO593_RS06000
TU286Y-686	GO593_RS06020
TU286Y-686	GO593_RS06015
TU286Y-687	GO593_RS06025
TU286Y-688	GO593_RS06030
TU286Y-689	GO593_RS06040
TU286Y-690	GO593_RS06045
TU286Y-691	GO593_RS06055
TU286Y-691	GO593_RS06050
TU286Y-692	GO593_RS06060
TU286Y-693	GO593_RS06065
TU286Y-694	GO593_RS06070
TU286Y-695	GO593_RS06075
TU286Y-696	GO593_RS06080
TU286Y-697	GO593_RS06085
TU286Y-698	GO593_RS06090
TU286Y-699	GO593_RS06100
TU286Y-699	GO593_RS06095
TU286Y-700	GO593_RS06110
TU286Y-700	GO593_RS06105
TU286Y-701	GO593_RS06120
TU286Y-702	GO593_RS06125
TU286Y-703	GO593_RS06130
TU286Y-704	GO593_RS06140
TU286Y-704	GO593_RS06135
TU286Y-705	GO593_RS06145
TU286Y-706	GO593_RS06160
TU286Y-707	GO593_RS06165
TU286Y-708	GO593_RS06170
TU286Y-709	GO593_RS06175
TU286Y-710	GO593_RS06180
TU286Y-711	GO593_RS06185
TU286Y-712	GO593_RS06190
TU286Y-713	GO593_RS06195
TU286Y-714	GO593_RS06205
TU286Y-714	GO593_RS06200
TU286Y-715	GO593_RS19130
TU286Y-715	GO593_RS06215
TU286Y-715	GO593_RS06210
TU286Y-716	GO593_RS06220
TU286Y-717	GO593_RS06240
TU286Y-717	GO593_RS06235
TU286Y-717	GO593_RS06230
TU286Y-717	GO593_RS06225
TU286Y-718	GO593_RS06245
TU286Y-719	GO593_RS06255
TU286Y-720	GO593_RS06260
TU286Y-721	GO593_RS06265
TU286Y-722	GO593_RS06270
TU286Y-723	GO593_RS06275
TU286Y-724	GO593_RS06280
TU286Y-725	GO593_RS06290
TU286Y-725	GO593_RS06285
TU286Y-726	GO593_RS06295
TU286Y-727	GO593_RS06300
TU286Y-728	GO593_RS06315
TU286Y-729	GO593_RS06325
TU286Y-729	GO593_RS06320
TU286Y-730	GO593_RS06330
TU286Y-731	GO593_RS06335
TU286Y-732	GO593_RS06340
TU286Y-733	GO593_RS06345
TU286Y-734	GO593_RS06350
TU286Y-735	GO593_RS06355
TU286Y-736	GO593_RS06360
TU286Y-737	GO593_RS06365
TU286Y-738	GO593_RS06370
TU286Y-739	GO593_RS06380
TU286Y-740	GO593_RS06385
TU286Y-741	GO593_RS06390
TU286Y-742	GO593_RS06400
TU286Y-742	GO593_RS06395
TU286Y-743	GO593_RS06405
TU286Y-744	GO593_RS06410
TU286Y-745	GO593_RS06415
TU286Y-746	GO593_RS06420
TU286Y-747	GO593_RS06435
TU286Y-747	GO593_RS06430
TU286Y-747	GO593_RS06425
TU286Y-748	GO593_RS06440
TU286Y-749	GO593_RS06445
TU286Y-750	GO593_RS06450
TU286Y-751	GO593_RS06455
TU286Y-752	GO593_RS06475
TU286Y-752	GO593_RS06470
TU286Y-752	GO593_RS06465
TU286Y-752	GO593_RS06460
TU286Y-753	GO593_RS06480
TU286Y-754	GO593_RS06485
TU286Y-755	GO593_RS06490
TU286Y-756	GO593_RS06495
TU286Y-757	GO593_RS06500
TU286Y-758	GO593_RS06510
TU286Y-758	GO593_RS06505
TU286Y-759	GO593_RS06520
TU286Y-760	GO593_RS06525
TU286Y-761	GO593_RS06535
TU286Y-761	GO593_RS06530
TU286Y-762	GO593_RS06540
TU286Y-763	GO593_RS06545
TU286Y-764	GO593_RS19050
TU286Y-765	GO593_RS06555
TU286Y-765	GO593_RS06550
TU286Y-766	GO593_RS06560
TU286Y-767	GO593_RS06575
TU286Y-767	GO593_RS06570
TU286Y-767	GO593_RS06565
TU286Y-768	GO593_RS06580
TU286Y-769	GO593_RS06595
TU286Y-769	GO593_RS06590
TU286Y-769	GO593_RS06585
TU286Y-770	GO593_RS06600
TU286Y-771	GO593_RS06620
TU286Y-771	GO593_RS06615
TU286Y-771	GO593_RS06610
TU286Y-771	GO593_RS06605
TU286Y-772	GO593_RS06625
TU286Y-773	GO593_RS06630
TU286Y-774	GO593_RS06650
TU286Y-774	GO593_RS06645
TU286Y-774	GO593_RS06640
TU286Y-774	GO593_RS06635
TU286Y-775	GO593_RS06660
TU286Y-775	GO593_RS06655
TU286Y-776	GO593_RS06670
TU286Y-776	GO593_RS06665
TU286Y-777	GO593_RS06675
TU286Y-778	GO593_RS06680
TU286Y-779	GO593_RS06690
TU286Y-780	GO593_RS06695
TU286Y-781	GO593_RS06700
TU286Y-782	GO593_RS06715
TU286Y-782	GO593_RS06710
TU286Y-783	GO593_RS06735
TU286Y-783	GO593_RS06730
TU286Y-783	GO593_RS06725
TU286Y-784	GO593_RS06740
TU286Y-785	GO593_RS06745
TU286Y-786	GO593_RS06755
TU286Y-786	GO593_RS06750
TU286Y-787	GO593_RS06765
TU286Y-787	GO593_RS06760
TU286Y-788	GO593_RS06770
TU286Y-789	GO593_RS06780
TU286Y-789	GO593_RS06775
TU286Y-790	GO593_RS06790
TU286Y-791	GO593_RS06795
TU286Y-792	GO593_RS06800
TU286Y-793	GO593_RS06810
TU286Y-794	GO593_RS06815
TU286Y-795	GO593_RS06825
TU286Y-795	GO593_RS06820
TU286Y-796	GO593_RS06840
TU286Y-796	GO593_RS06835
TU286Y-796	GO593_RS06830
TU286Y-797	GO593_RS06870
TU286Y-797	GO593_RS06865
TU286Y-797	GO593_RS06860
TU286Y-797	GO593_RS06855
TU286Y-797	GO593_RS06850
TU286Y-797	GO593_RS06845
TU286Y-798	GO593_RS06875
TU286Y-799	GO593_RS06880
TU286Y-800	GO593_RS06905
TU286Y-800	GO593_RS06900
TU286Y-800	GO593_RS06895
TU286Y-800	GO593_RS06890
TU286Y-800	GO593_RS06885
TU286Y-801	GO593_RS06920
TU286Y-801	GO593_RS06915
TU286Y-801	GO593_RS06910
TU286Y-802	GO593_RS06940
TU286Y-802	GO593_RS06935
TU286Y-802	GO593_RS06930
TU286Y-803	GO593_RS06945
TU286Y-804	GO593_RS06970
TU286Y-804	GO593_RS06965
TU286Y-804	GO593_RS06960
TU286Y-804	GO593_RS06955
TU286Y-805	GO593_RS06980
TU286Y-805	GO593_RS06975
TU286Y-806	GO593_RS06985
TU286Y-807	GO593_RS06990
TU286Y-808	GO593_RS06995
TU286Y-809	GO593_RS07000
TU286Y-810	GO593_RS07005
TU286Y-811	GO593_RS07010
TU286Y-812	GO593_RS07035
TU286Y-812	GO593_RS07030
TU286Y-812	GO593_RS07025
TU286Y-813	GO593_RS07040
TU286Y-814	GO593_RS07050
TU286Y-815	GO593_RS07055
TU286Y-816	GO593_RS07065
TU286Y-816	GO593_RS07060
TU286Y-817	GO593_RS07090
TU286Y-817	GO593_RS07085
TU286Y-818	GO593_RS07095
TU286Y-819	GO593_RS07100
TU286Y-820	GO593_RS07105
TU286Y-821	GO593_RS07140
TU286Y-821	GO593_RS07135
TU286Y-821	GO593_RS07130
TU286Y-821	GO593_RS07125
TU286Y-821	GO593_RS07120
TU286Y-821	GO593_RS07115
TU286Y-822	GO593_RS07145
TU286Y-823	GO593_RS07150
TU286Y-824	GO593_RS07155
TU286Y-825	GO593_RS07160
TU286Y-826	GO593_RS07165
TU286Y-827	GO593_RS07190
TU286Y-827	GO593_RS07185
TU286Y-827	GO593_RS07180
TU286Y-827	GO593_RS07175
TU286Y-827	GO593_RS07170
TU286Y-828	GO593_RS07195
TU286Y-829	GO593_RS07200
TU286Y-830	GO593_RS07210
TU286Y-830	GO593_RS07205
TU286Y-831	GO593_RS07220
TU286Y-831	GO593_RS07215
TU286Y-832	GO593_RS07230
TU286Y-832	GO593_RS07225
TU286Y-833	GO593_RS07235
TU286Y-834	GO593_RS07255
TU286Y-835	GO593_RS07260
TU286Y-836	GO593_RS07265
TU286Y-837	GO593_RS07270
TU286Y-838	GO593_RS07280
TU286Y-838	GO593_RS07275
TU286Y-839	GO593_RS07285
TU286Y-840	GO593_RS07290
TU286Y-841	GO593_RS07295
TU286Y-842	GO593_RS07320
TU286Y-842	GO593_RS07315
TU286Y-843	GO593_RS07325
TU286Y-844	GO593_RS07330
TU286Y-845	GO593_RS07335
TU286Y-846	GO593_RS07375
TU286Y-846	GO593_RS07370
TU286Y-846	GO593_RS07365
TU286Y-846	GO593_RS07360
TU286Y-846	GO593_RS07355
TU286Y-846	GO593_RS07350
TU286Y-846	GO593_RS07345
TU286Y-846	GO593_RS07340
TU286Y-847	GO593_RS07380
TU286Y-848	GO593_RS07385
TU286Y-849	GO593_RS07395
TU286Y-849	GO593_RS07390
TU286Y-850	GO593_RS07400
TU286Y-851	GO593_RS07405
TU286Y-852	GO593_RS07410
TU286Y-853	GO593_RS07420
TU286Y-853	GO593_RS07415
TU286Y-854	GO593_RS07430
TU286Y-854	GO593_RS07425
TU286Y-855	GO593_RS07435
TU286Y-856	GO593_RS07440
TU286Y-857	GO593_RS07450
TU286Y-858	GO593_RS07455
TU286Y-859	GO593_RS07465
TU286Y-859	GO593_RS07460
TU286Y-860	GO593_RS07470
TU286Y-861	GO593_RS07475
TU286Y-862	GO593_RS07480
TU286Y-863	GO593_RS07485
TU286Y-864	GO593_RS07490
TU286Y-865	GO593_RS07500
TU286Y-865	GO593_RS07495
TU286Y-866	GO593_RS07505
TU286Y-867	GO593_RS07510
TU286Y-868	GO593_RS07515
TU286Y-869	GO593_RS07520
TU286Y-870	GO593_RS07525
TU286Y-871	GO593_RS07535
TU286Y-871	GO593_RS07530
TU286Y-872	GO593_RS07540
TU286Y-873	GO593_RS07545
TU286Y-874	GO593_RS07550
TU286Y-875	GO593_RS07555
TU286Y-876	GO593_RS07560
TU286Y-877	GO593_RS07565
TU286Y-878	GO593_RS07570
TU286Y-879	GO593_RS07575
TU286Y-880	GO593_RS07585
TU286Y-881	GO593_RS07590
TU286Y-882	GO593_RS07610
TU286Y-882	GO593_RS07605
TU286Y-883	GO593_RS07620
TU286Y-884	GO593_RS07625
TU286Y-885	GO593_RS07630
TU286Y-886	GO593_RS07635
TU286Y-887	GO593_RS07655
TU286Y-887	GO593_RS07650
TU286Y-887	GO593_RS07645
TU286Y-887	GO593_RS07640
TU286Y-888	GO593_RS07660
TU286Y-889	GO593_RS07675
TU286Y-889	GO593_RS07670
TU286Y-889	GO593_RS07665
TU286Y-890	GO593_RS07685
TU286Y-890	GO593_RS07680
TU286Y-891	GO593_RS07695
TU286Y-891	GO593_RS07690
TU286Y-892	GO593_RS07705
TU286Y-892	GO593_RS07700
TU286Y-893	GO593_RS07710
TU286Y-894	GO593_RS07725
TU286Y-894	GO593_RS07720
TU286Y-895	GO593_RS07730
TU286Y-896	GO593_RS07735
TU286Y-897	GO593_RS07750
TU286Y-897	GO593_RS07745
TU286Y-897	GO593_RS07740
TU286Y-898	GO593_RS07760
TU286Y-898	GO593_RS07755
TU286Y-899	GO593_RS07770
TU286Y-899	GO593_RS07765
TU286Y-900	GO593_RS07780
TU286Y-900	GO593_RS07775
TU286Y-901	GO593_RS07785
TU286Y-902	GO593_RS07790
TU286Y-903	GO593_RS07800
TU286Y-903	GO593_RS07795
TU286Y-904	GO593_RS07805
TU286Y-905	GO593_RS07810
TU286Y-906	GO593_RS07820
TU286Y-906	GO593_RS07815
TU286Y-907	GO593_RS07825
TU286Y-908	GO593_RS07830
TU286Y-909	GO593_RS07845
TU286Y-909	GO593_RS07840
TU286Y-909	GO593_RS07835
TU286Y-910	GO593_RS07850
TU286Y-911	GO593_RS07855
TU286Y-912	GO593_RS07860
TU286Y-913	GO593_RS07870
TU286Y-913	GO593_RS07865
TU286Y-914	GO593_RS07880
TU286Y-914	GO593_RS07875
TU286Y-915	GO593_RS07885
TU286Y-916	GO593_RS07890
TU286Y-917	GO593_RS07910
TU286Y-917	GO593_RS07905
TU286Y-917	GO593_RS07900
TU286Y-917	GO593_RS07895
TU286Y-918	GO593_RS07920
TU286Y-918	GO593_RS07915
TU286Y-919	GO593_RS07930
TU286Y-919	GO593_RS07925
TU286Y-920	GO593_RS07950
TU286Y-920	GO593_RS07945
TU286Y-920	GO593_RS07940
TU286Y-920	GO593_RS07935
TU286Y-921	GO593_RS07960
TU286Y-921	GO593_RS07955
TU286Y-922	GO593_RS07965
TU286Y-923	GO593_RS07970
TU286Y-924	GO593_RS07980
TU286Y-925	GO593_RS07985
TU286Y-926	GO593_RS07990
TU286Y-927	GO593_RS07995
TU286Y-928	GO593_RS08000
TU286Y-929	GO593_RS08005
TU286Y-930	GO593_RS08010
TU286Y-931	GO593_RS08015
TU286Y-932	GO593_RS08030
TU286Y-933	GO593_RS08035
TU286Y-934	GO593_RS08045
TU286Y-934	GO593_RS08040
TU286Y-935	GO593_RS08060
TU286Y-936	GO593_RS08065
TU286Y-937	GO593_RS08070
TU286Y-938	GO593_RS08075
TU286Y-939	GO593_RS08085
TU286Y-939	GO593_RS08080
TU286Y-940	GO593_RS08105
TU286Y-940	GO593_RS08100
TU286Y-940	GO593_RS08095
TU286Y-941	GO593_RS08115
TU286Y-941	GO593_RS08110
TU286Y-942	GO593_RS08120
TU286Y-943	GO593_RS08125
TU286Y-944	GO593_RS08130
TU286Y-945	GO593_RS08140
TU286Y-945	GO593_RS08135
TU286Y-946	GO593_RS08160
TU286Y-946	GO593_RS08155
TU286Y-946	GO593_RS08150
TU286Y-946	GO593_RS08145
TU286Y-947	GO593_RS08170
TU286Y-947	GO593_RS08165
TU286Y-948	GO593_RS08180
TU286Y-948	GO593_RS08175
TU286Y-949	GO593_RS08200
TU286Y-949	GO593_RS08195
TU286Y-949	GO593_RS08190
TU286Y-949	GO593_RS08185
TU286Y-950	GO593_RS08230
TU286Y-950	GO593_RS08225
TU286Y-950	GO593_RS08220
TU286Y-950	GO593_RS08215
TU286Y-950	GO593_RS08210
TU286Y-950	GO593_RS08205
TU286Y-951	GO593_RS08245
TU286Y-951	GO593_RS08240
TU286Y-951	GO593_RS08235
TU286Y-952	GO593_RS08250
TU286Y-953	GO593_RS08265
TU286Y-953	GO593_RS08260
TU286Y-953	GO593_RS08255
TU286Y-954	GO593_RS08270
TU286Y-955	GO593_RS08290
TU286Y-955	GO593_RS08285
TU286Y-956	GO593_RS08295
TU286Y-957	GO593_RS08305
TU286Y-958	GO593_RS08310
TU286Y-959	GO593_RS08315
TU286Y-960	GO593_RS08325
TU286Y-960	GO593_RS08320
TU286Y-961	GO593_RS08330
TU286Y-962	GO593_RS08335
TU286Y-963	GO593_RS08340
TU286Y-964	GO593_RS08345
TU286Y-965	GO593_RS08355
TU286Y-965	GO593_RS08350
TU286Y-966	GO593_RS08360
TU286Y-967	GO593_RS08365
TU286Y-968	GO593_RS08375
TU286Y-968	GO593_RS08370
TU286Y-969	GO593_RS08390
TU286Y-970	GO593_RS08395
TU286Y-971	GO593_RS08400
TU286Y-972	GO593_RS08410
TU286Y-972	GO593_RS08405
TU286Y-973	GO593_RS08425
TU286Y-973	GO593_RS08420
TU286Y-974	GO593_RS08430
TU286Y-975	GO593_RS08435
TU286Y-976	GO593_RS08440
TU286Y-977	GO593_RS08445
TU286Y-978	GO593_RS08450
TU286Y-979	GO593_RS08455
TU286Y-980	GO593_RS08460
TU286Y-981	GO593_RS08465
TU286Y-982	GO593_RS08470
TU286Y-983	GO593_RS08495
TU286Y-983	GO593_RS08490
TU286Y-984	GO593_RS08500
TU286Y-985	GO593_RS08505
TU286Y-986	GO593_RS08515
TU286Y-986	GO593_RS08510
TU286Y-987	GO593_RS08520
TU286Y-988	GO593_RS08525
TU286Y-989	GO593_RS08530
TU286Y-990	GO593_RS08535
TU286Y-991	GO593_RS08545
TU286Y-992	GO593_RS08550
TU286Y-993	GO593_RS08555
TU286Y-994	GO593_RS08575
TU286Y-995	GO593_RS08580
TU286Y-996	GO593_RS08590
TU286Y-996	GO593_RS08585
TU286Y-997	GO593_RS08600
TU286Y-997	GO593_RS08595
TU286Y-998	GO593_RS08630
TU286Y-998	GO593_RS08625
TU286Y-999	GO593_RS08635
TU286Y-1000	GO593_RS08640
TU286Y-1001	GO593_RS08645
TU286Y-1002	GO593_RS08650
TU286Y-1003	GO593_RS08655
TU286Y-1004	GO593_RS08660
TU286Y-1005	GO593_RS08665
TU286Y-1006	GO593_RS08670
TU286Y-1007	GO593_RS08675
TU286Y-1008	GO593_RS08690
TU286Y-1009	GO593_RS08700
TU286Y-1009	GO593_RS08695
TU286Y-1010	GO593_RS08705
TU286Y-1011	GO593_RS08710
TU286Y-1012	GO593_RS08715
TU286Y-1013	GO593_RS08725
TU286Y-1013	GO593_RS08720
TU286Y-1014	GO593_RS08730
TU286Y-1015	GO593_RS08735
TU286Y-1016	GO593_RS08740
TU286Y-1017	GO593_RS08750
TU286Y-1017	GO593_RS08745
TU286Y-1018	GO593_RS08755
TU286Y-1019	GO593_RS08760
TU286Y-1020	GO593_RS08765
TU286Y-1021	GO593_RS08770
TU286Y-1022	GO593_RS08780
TU286Y-1022	GO593_RS08775
TU286Y-1023	GO593_RS08785
TU286Y-1024	GO593_RS08800
TU286Y-1024	GO593_RS08795
TU286Y-1024	GO593_RS08790
TU286Y-1025	GO593_RS08810
TU286Y-1025	GO593_RS08805
TU286Y-1026	GO593_RS08815
TU286Y-1027	GO593_RS08820
TU286Y-1028	GO593_RS08825
TU286Y-1029	GO593_RS08835
TU286Y-1029	GO593_RS08830
TU286Y-1030	GO593_RS19060
TU286Y-1030	GO593_RS08840
TU286Y-1031	GO593_RS08855
TU286Y-1031	GO593_RS08850
TU286Y-1031	GO593_RS08845
TU286Y-1032	GO593_RS08860
TU286Y-1033	GO593_RS08865
TU286Y-1034	GO593_RS08870
TU286Y-1035	GO593_RS08875
TU286Y-1036	GO593_RS08890
TU286Y-1036	GO593_RS08885
TU286Y-1036	GO593_RS08880
TU286Y-1037	GO593_RS08900
TU286Y-1038	GO593_RS08905
TU286Y-1039	GO593_RS08915
TU286Y-1039	GO593_RS08910
TU286Y-1040	GO593_RS08920
TU286Y-1041	GO593_RS08925
TU286Y-1042	GO593_RS08930
TU286Y-1043	GO593_RS08935
TU286Y-1044	GO593_RS08945
TU286Y-1044	GO593_RS08940
TU286Y-1045	GO593_RS08950
TU286Y-1046	GO593_RS08955
TU286Y-1047	GO593_RS08970
TU286Y-1047	GO593_RS08965
TU286Y-1047	GO593_RS08960
TU286Y-1048	GO593_RS08980
TU286Y-1048	GO593_RS08975
TU286Y-1049	GO593_RS08990
TU286Y-1049	GO593_RS08985
TU286Y-1050	GO593_RS08995
TU286Y-1051	GO593_RS09010
TU286Y-1052	GO593_RS09015
TU286Y-1053	GO593_RS09020
TU286Y-1054	GO593_RS09030
TU286Y-1054	GO593_RS09025
TU286Y-1055	GO593_RS09035
TU286Y-1056	GO593_RS09040
TU286Y-1057	GO593_RS09045
TU286Y-1058	GO593_RS09075
TU286Y-1058	GO593_RS09070
TU286Y-1058	GO593_RS09065
TU286Y-1058	GO593_RS09060
TU286Y-1058	GO593_RS09055
TU286Y-1058	GO593_RS09050
TU286Y-1059	GO593_RS09080
TU286Y-1060	GO593_RS09085
TU286Y-1061	GO593_RS09100
TU286Y-1061	GO593_RS09095
TU286Y-1061	GO593_RS09090
TU286Y-1062	GO593_RS09105
TU286Y-1063	GO593_RS09110
TU286Y-1064	GO593_RS09115
TU286Y-1065	GO593_RS09120
TU286Y-1066	GO593_RS09135
TU286Y-1066	GO593_RS09130
TU286Y-1066	GO593_RS09125
TU286Y-1067	GO593_RS09150
TU286Y-1067	GO593_RS09145
TU286Y-1067	GO593_RS09140
TU286Y-1068	GO593_RS09155
TU286Y-1069	GO593_RS09170
TU286Y-1069	GO593_RS09165
TU286Y-1069	GO593_RS09160
TU286Y-1070	GO593_RS09175
TU286Y-1071	GO593_RS09180
TU286Y-1072	GO593_RS09190
TU286Y-1073	GO593_RS09195
TU286Y-1074	GO593_RS09200
TU286Y-1075	GO593_RS09210
TU286Y-1075	GO593_RS09205
TU286Y-1076	GO593_RS09215
TU286Y-1077	GO593_RS09220
TU286Y-1078	GO593_RS09225
TU286Y-1079	GO593_RS09240
TU286Y-1080	GO593_RS09245
TU286Y-1081	GO593_RS09255
TU286Y-1081	GO593_RS09250
TU286Y-1082	GO593_RS09260
TU286Y-1083	GO593_RS09275
TU286Y-1083	GO593_RS09270
TU286Y-1083	GO593_RS09265
TU286Y-1084	GO593_RS09280
TU286Y-1085	GO593_RS09285
TU286Y-1086	GO593_RS09300
TU286Y-1086	GO593_RS09295
TU286Y-1086	GO593_RS09290
TU286Y-1087	GO593_RS09305
TU286Y-1088	GO593_RS09325
TU286Y-1088	GO593_RS09320
TU286Y-1088	GO593_RS09315
TU286Y-1088	GO593_RS09310
TU286Y-1089	GO593_RS09340
TU286Y-1089	GO593_RS09335
TU286Y-1090	GO593_RS09350
TU286Y-1090	GO593_RS09345
TU286Y-1091	GO593_RS09375
TU286Y-1091	GO593_RS09370
TU286Y-1091	GO593_RS09365
TU286Y-1091	GO593_RS09360
TU286Y-1091	GO593_RS09355
TU286Y-1092	GO593_RS09390
TU286Y-1092	GO593_RS09385
TU286Y-1093	GO593_RS09395
TU286Y-1094	GO593_RS09400
TU286Y-1095	GO593_RS09415
TU286Y-1095	GO593_RS09410
TU286Y-1096	GO593_RS09420
TU286Y-1097	GO593_RS09425
TU286Y-1098	GO593_RS09445
TU286Y-1098	GO593_RS09440
TU286Y-1098	GO593_RS09435
TU286Y-1099	GO593_RS09460
TU286Y-1100	GO593_RS09465
TU286Y-1101	GO593_RS09480
TU286Y-1101	GO593_RS09475
TU286Y-1101	GO593_RS09470
TU286Y-1102	GO593_RS09490
TU286Y-1102	GO593_RS09485
TU286Y-1103	GO593_RS09510
TU286Y-1103	GO593_RS09505
TU286Y-1104	GO593_RS09520
TU286Y-1105	GO593_RS09525
TU286Y-1106	GO593_RS09545
TU286Y-1106	GO593_RS09540
TU286Y-1106	GO593_RS09535
TU286Y-1106	GO593_RS09530
TU286Y-1107	GO593_RS09550
TU286Y-1108	GO593_RS09555
TU286Y-1109	GO593_RS09565
TU286Y-1109	GO593_RS09560
TU286Y-1110	GO593_RS09570
TU286Y-1111	GO593_RS09575
TU286Y-1112	GO593_RS09580
TU286Y-1113	GO593_RS09585
TU286Y-1114	GO593_RS09610
TU286Y-1114	GO593_RS09605
TU286Y-1114	GO593_RS09600
TU286Y-1114	GO593_RS09595
TU286Y-1114	GO593_RS09590
TU286Y-1115	GO593_RS09620
TU286Y-1116	GO593_RS09625
TU286Y-1117	GO593_RS09645
TU286Y-1117	GO593_RS09640
TU286Y-1117	GO593_RS09635
TU286Y-1117	GO593_RS09630
TU286Y-1118	GO593_RS09660
TU286Y-1118	GO593_RS09655
TU286Y-1119	GO593_RS09670
TU286Y-1119	GO593_RS09665
TU286Y-1120	GO593_RS09680
TU286Y-1120	GO593_RS09675
TU286Y-1121	GO593_RS09690
TU286Y-1122	GO593_RS09695
TU286Y-1123	GO593_RS09710
TU286Y-1123	GO593_RS09705
TU286Y-1123	GO593_RS09700
TU286Y-1124	GO593_RS09715
TU286Y-1125	GO593_RS09725
TU286Y-1125	GO593_RS09720
TU286Y-1126	GO593_RS09730
TU286Y-1127	GO593_RS09735
TU286Y-1128	GO593_RS09755
TU286Y-1128	GO593_RS09750
TU286Y-1128	GO593_RS09745
TU286Y-1128	GO593_RS09740
TU286Y-1129	GO593_RS09775
TU286Y-1130	GO593_RS09780
TU286Y-1131	GO593_RS09785
TU286Y-1132	GO593_RS09805
TU286Y-1132	GO593_RS09800
TU286Y-1133	GO593_RS09810
TU286Y-1134	GO593_RS09815
TU286Y-1135	GO593_RS09820
TU286Y-1136	GO593_RS09825
TU286Y-1137	GO593_RS09830
TU286Y-1138	GO593_RS09835
TU286Y-1139	GO593_RS09845
TU286Y-1139	GO593_RS09840
TU286Y-1140	GO593_RS09850
TU286Y-1141	GO593_RS09855
TU286Y-1142	GO593_RS09860
TU286Y-1143	GO593_RS09865
TU286Y-1144	GO593_RS09880
TU286Y-1144	GO593_RS09875
TU286Y-1144	GO593_RS09870
TU286Y-1145	GO593_RS09900
TU286Y-1146	GO593_RS09905
TU286Y-1147	GO593_RS09915
TU286Y-1147	GO593_RS09910
TU286Y-1148	GO593_RS09930
TU286Y-1148	GO593_RS09925
TU286Y-1148	GO593_RS09920
TU286Y-1149	GO593_RS09935
TU286Y-1150	GO593_RS09940
TU286Y-1151	GO593_RS10005
TU286Y-1151	GO593_RS10000
TU286Y-1151	GO593_RS09995
TU286Y-1151	GO593_RS09990
TU286Y-1151	GO593_RS09985
TU286Y-1151	GO593_RS09980
TU286Y-1151	GO593_RS09975
TU286Y-1151	GO593_RS09970
TU286Y-1151	GO593_RS09965
TU286Y-1151	GO593_RS09960
TU286Y-1151	GO593_RS09955
TU286Y-1151	GO593_RS09950
TU286Y-1151	GO593_RS09945
TU286Y-1152	GO593_RS10010
TU286Y-1153	GO593_RS10015
TU286Y-1154	GO593_RS10035
TU286Y-1155	GO593_RS10040
TU286Y-1156	GO593_RS10045
TU286Y-1157	GO593_RS10050
TU286Y-1158	GO593_RS10055
TU286Y-1159	GO593_RS10070
TU286Y-1159	GO593_RS10065
TU286Y-1159	GO593_RS10060
TU286Y-1160	GO593_RS10075
TU286Y-1161	GO593_RS10080
TU286Y-1162	GO593_RS10090
TU286Y-1163	GO593_RS10095
TU286Y-1164	GO593_RS10100
TU286Y-1165	GO593_RS10110
TU286Y-1166	GO593_RS10115
TU286Y-1167	GO593_RS10120
TU286Y-1168	GO593_RS10135
TU286Y-1168	GO593_RS10130
TU286Y-1168	GO593_RS10125
TU286Y-1169	GO593_RS10140
TU286Y-1170	GO593_RS10145
TU286Y-1171	GO593_RS10150
TU286Y-1172	GO593_RS10165
TU286Y-1172	GO593_RS10160
TU286Y-1173	GO593_RS10170
TU286Y-1174	GO593_RS10185
TU286Y-1174	GO593_RS10180
TU286Y-1174	GO593_RS10175
TU286Y-1175	GO593_RS10190
TU286Y-1176	GO593_RS10195
TU286Y-1177	GO593_RS10200
TU286Y-1178	GO593_RS10210
TU286Y-1178	GO593_RS10205
TU286Y-1179	GO593_RS10215
TU286Y-1180	GO593_RS10235
TU286Y-1180	GO593_RS10230
TU286Y-1180	GO593_RS10225
TU286Y-1180	GO593_RS10220
TU286Y-1181	GO593_RS10240
TU286Y-1182	GO593_RS10250
TU286Y-1182	GO593_RS10245
TU286Y-1183	GO593_RS10255
TU286Y-1184	GO593_RS10260
TU286Y-1185	GO593_RS10265
TU286Y-1186	GO593_RS10270
TU286Y-1187	GO593_RS10280
TU286Y-1187	GO593_RS10275
TU286Y-1188	GO593_RS10285
TU286Y-1189	GO593_RS10290
TU286Y-1190	GO593_RS10315
TU286Y-1190	GO593_RS10310
TU286Y-1191	GO593_RS10320
TU286Y-1192	GO593_RS10330
TU286Y-1192	GO593_RS10325
TU286Y-1193	GO593_RS10370
TU286Y-1193	GO593_RS10365
TU286Y-1193	GO593_RS10360
TU286Y-1193	GO593_RS10355
TU286Y-1193	GO593_RS10350
TU286Y-1193	GO593_RS10345
TU286Y-1193	GO593_RS10340
TU286Y-1193	GO593_RS10335
TU286Y-1194	GO593_RS10380
TU286Y-1195	GO593_RS10385
TU286Y-1196	GO593_RS10395
TU286Y-1196	GO593_RS10390
TU286Y-1197	GO593_RS10400
TU286Y-1198	GO593_RS10420
TU286Y-1198	GO593_RS10415
TU286Y-1198	GO593_RS10410
TU286Y-1199	GO593_RS10425
TU286Y-1200	GO593_RS10430
TU286Y-1201	GO593_RS10450
TU286Y-1201	GO593_RS10445
TU286Y-1201	GO593_RS10440
TU286Y-1202	GO593_RS10455
TU286Y-1203	GO593_RS10460
TU286Y-1204	GO593_RS10465
TU286Y-1205	GO593_RS10470
TU286Y-1206	GO593_RS10480
TU286Y-1206	GO593_RS10475
TU286Y-1207	GO593_RS10485
TU286Y-1208	GO593_RS10490
TU286Y-1209	GO593_RS10500
TU286Y-1209	GO593_RS10495
TU286Y-1210	GO593_RS10505
TU286Y-1211	GO593_RS10515
TU286Y-1211	GO593_RS10510
TU286Y-1212	GO593_RS10520
TU286Y-1213	GO593_RS10525
TU286Y-1214	GO593_RS10530
TU286Y-1215	GO593_RS10535
TU286Y-1216	GO593_RS10540
TU286Y-1217	GO593_RS10550
TU286Y-1217	GO593_RS10545
TU286Y-1218	GO593_RS10555
TU286Y-1219	GO593_RS10560
TU286Y-1220	GO593_RS10565
TU286Y-1221	GO593_RS10570
TU286Y-1222	GO593_RS10585
TU286Y-1222	GO593_RS10580
TU286Y-1222	GO593_RS10575
TU286Y-1223	GO593_RS10595
TU286Y-1223	GO593_RS10590
TU286Y-1224	GO593_RS10600
TU286Y-1225	GO593_RS10610
TU286Y-1225	GO593_RS10605
TU286Y-1226	GO593_RS10620
TU286Y-1226	GO593_RS10615
TU286Y-1227	GO593_RS10625
TU286Y-1228	GO593_RS10630
TU286Y-1229	GO593_RS10635
TU286Y-1230	GO593_RS10645
TU286Y-1230	GO593_RS10640
TU286Y-1231	GO593_RS10665
TU286Y-1231	GO593_RS10660
TU286Y-1232	GO593_RS10680
TU286Y-1232	GO593_RS10675
TU286Y-1233	GO593_RS10695
TU286Y-1234	GO593_RS10700
TU286Y-1235	GO593_RS10710
TU286Y-1235	GO593_RS10705
TU286Y-1236	GO593_RS10715
TU286Y-1237	GO593_RS10725
TU286Y-1237	GO593_RS10720
TU286Y-1238	GO593_RS10730
TU286Y-1239	GO593_RS10735
TU286Y-1240	GO593_RS10740
TU286Y-1241	GO593_RS10745
TU286Y-1242	GO593_RS10770
TU286Y-1242	GO593_RS10765
TU286Y-1242	GO593_RS10760
TU286Y-1242	GO593_RS10755
TU286Y-1242	GO593_RS10750
TU286Y-1243	GO593_RS10780
TU286Y-1243	GO593_RS10775
TU286Y-1244	GO593_RS10785
TU286Y-1245	GO593_RS10790
TU286Y-1246	GO593_RS10800
TU286Y-1246	GO593_RS10795
TU286Y-1247	GO593_RS10805
TU286Y-1248	GO593_RS19065
TU286Y-1249	GO593_RS10820
TU286Y-1249	GO593_RS10815
TU286Y-1250	GO593_RS10845
TU286Y-1250	GO593_RS10840
TU286Y-1250	GO593_RS10835
TU286Y-1250	GO593_RS10830
TU286Y-1250	GO593_RS10825
TU286Y-1251	GO593_RS10850
TU286Y-1252	GO593_RS10855
TU286Y-1253	GO593_RS10860
TU286Y-1254	GO593_RS10885
TU286Y-1254	GO593_RS10880
TU286Y-1254	GO593_RS10875
TU286Y-1254	GO593_RS10870
TU286Y-1255	GO593_RS10890
TU286Y-1256	GO593_RS10895
TU286Y-1257	GO593_RS10900
TU286Y-1258	GO593_RS10905
TU286Y-1259	GO593_RS10910
TU286Y-1260	GO593_RS10915
TU286Y-1261	GO593_RS10920
TU286Y-1262	GO593_RS10940
TU286Y-1262	GO593_RS10935
TU286Y-1263	GO593_RS10950
TU286Y-1263	GO593_RS10945
TU286Y-1264	GO593_RS10955
TU286Y-1265	GO593_RS10960
TU286Y-1266	GO593_RS10970
TU286Y-1266	GO593_RS10965
TU286Y-1267	GO593_RS10975
TU286Y-1268	GO593_RS10980
TU286Y-1269	GO593_RS10995
TU286Y-1269	GO593_RS10990
TU286Y-1269	GO593_RS10985
TU286Y-1270	GO593_RS11000
TU286Y-1271	GO593_RS11010
TU286Y-1271	GO593_RS11005
TU286Y-1272	GO593_RS11015
TU286Y-1273	GO593_RS11035
TU286Y-1274	GO593_RS11040
TU286Y-1275	GO593_RS11055
TU286Y-1275	GO593_RS11050
TU286Y-1275	GO593_RS11045
TU286Y-1276	GO593_RS11070
TU286Y-1276	GO593_RS11065
TU286Y-1277	GO593_RS11105
TU286Y-1277	GO593_RS11100
TU286Y-1277	GO593_RS11095
TU286Y-1277	GO593_RS11090
TU286Y-1277	GO593_RS11085
TU286Y-1277	GO593_RS11080
TU286Y-1278	GO593_RS11140
TU286Y-1278	GO593_RS11135
TU286Y-1278	GO593_RS11130
TU286Y-1278	GO593_RS11125
TU286Y-1278	GO593_RS11120
TU286Y-1278	GO593_RS11115
TU286Y-1278	GO593_RS11110
TU286Y-1279	GO593_RS11145
TU286Y-1280	GO593_RS11155
TU286Y-1281	GO593_RS11160
TU286Y-1282	GO593_RS11190
TU286Y-1283	GO593_RS11205
TU286Y-1283	GO593_RS11200
TU286Y-1283	GO593_RS11195
TU286Y-1284	GO593_RS11215
TU286Y-1285	GO593_RS11220
TU286Y-1286	GO593_RS11225
TU286Y-1287	GO593_RS11230
TU286Y-1288	GO593_RS11235
TU286Y-1289	GO593_RS11240
TU286Y-1290	GO593_RS11245
TU286Y-1291	GO593_RS11250
TU286Y-1292	GO593_RS11255
TU286Y-1293	GO593_RS11265
TU286Y-1293	GO593_RS11260
TU286Y-1294	GO593_RS11285
TU286Y-1294	GO593_RS11280
TU286Y-1295	GO593_RS11295
TU286Y-1296	GO593_RS11300
TU286Y-1297	GO593_RS11320
TU286Y-1297	GO593_RS11315
TU286Y-1298	GO593_RS11325
TU286Y-1299	GO593_RS11330
TU286Y-1300	GO593_RS11345
TU286Y-1301	GO593_RS11350
TU286Y-1302	GO593_RS11365
TU286Y-1302	GO593_RS11360
TU286Y-1302	GO593_RS11355
TU286Y-1303	GO593_RS11380
TU286Y-1304	GO593_RS11385
TU286Y-1305	GO593_RS11390
TU286Y-1306	GO593_RS11400
TU286Y-1307	GO593_RS11405
TU286Y-1308	GO593_RS11410
TU286Y-1309	GO593_RS11445
TU286Y-1309	GO593_RS11440
TU286Y-1309	GO593_RS11435
TU286Y-1309	GO593_RS11430
TU286Y-1309	GO593_RS11425
TU286Y-1309	GO593_RS11420
TU286Y-1309	GO593_RS11415
TU286Y-1310	GO593_RS11455
TU286Y-1310	GO593_RS11450
TU286Y-1311	GO593_RS11460
TU286Y-1312	GO593_RS11465
TU286Y-1313	GO593_RS11475
TU286Y-1313	GO593_RS11470
TU286Y-1314	GO593_RS11485
TU286Y-1314	GO593_RS11480
TU286Y-1315	GO593_RS11495
TU286Y-1316	GO593_RS11500
TU286Y-1317	GO593_RS11505
TU286Y-1318	GO593_RS11510
TU286Y-1319	GO593_RS11515
TU286Y-1320	GO593_RS11520
TU286Y-1321	GO593_RS11530
TU286Y-1322	GO593_RS11535
TU286Y-1323	GO593_RS11540
TU286Y-1324	GO593_RS11585
TU286Y-1324	GO593_RS11580
TU286Y-1324	GO593_RS11575
TU286Y-1324	GO593_RS11570
TU286Y-1324	GO593_RS11565
TU286Y-1324	GO593_RS11560
TU286Y-1324	GO593_RS11555
TU286Y-1324	GO593_RS11550
TU286Y-1324	GO593_RS11545
TU286Y-1325	GO593_RS11595
TU286Y-1326	GO593_RS11605
TU286Y-1326	GO593_RS11600
TU286Y-1327	GO593_RS11615
TU286Y-1327	GO593_RS11610
TU286Y-1328	GO593_RS11625
TU286Y-1328	GO593_RS11620
TU286Y-1329	GO593_RS11630
TU286Y-1330	GO593_RS11665
TU286Y-1330	GO593_RS11660
TU286Y-1330	GO593_RS11655
TU286Y-1330	GO593_RS11650
TU286Y-1330	GO593_RS11645
TU286Y-1330	GO593_RS11640
TU286Y-1330	GO593_RS11635
TU286Y-1331	GO593_RS11670
TU286Y-1332	GO593_RS11675
TU286Y-1333	GO593_RS11680
TU286Y-1334	GO593_RS11690
TU286Y-1335	GO593_RS11695
TU286Y-1336	GO593_RS11700
TU286Y-1337	GO593_RS11710
TU286Y-1337	GO593_RS11705
TU286Y-1338	GO593_RS19075
TU286Y-1338	GO593_RS11735
TU286Y-1338	GO593_RS11730
TU286Y-1338	GO593_RS11725
TU286Y-1338	GO593_RS11720
TU286Y-1338	GO593_RS11715
TU286Y-1339	GO593_RS11740
TU286Y-1340	GO593_RS11750
TU286Y-1340	GO593_RS11745
TU286Y-1341	GO593_RS11765
TU286Y-1341	GO593_RS11760
TU286Y-1341	GO593_RS11755
TU286Y-1342	GO593_RS11775
TU286Y-1342	GO593_RS11770
TU286Y-1343	GO593_RS11780
TU286Y-1344	GO593_RS11795
TU286Y-1344	GO593_RS11790
TU286Y-1344	GO593_RS11785
TU286Y-1345	GO593_RS11800
TU286Y-1346	GO593_RS11810
TU286Y-1346	GO593_RS11805
TU286Y-1347	GO593_RS11815
TU286Y-1348	GO593_RS11820
TU286Y-1349	GO593_RS11830
TU286Y-1349	GO593_RS11825
TU286Y-1350	GO593_RS11840
TU286Y-1350	GO593_RS11835
TU286Y-1351	GO593_RS11845
TU286Y-1352	GO593_RS11850
TU286Y-1353	GO593_RS11870
TU286Y-1353	GO593_RS11865
TU286Y-1353	GO593_RS11860
TU286Y-1353	GO593_RS11855
TU286Y-1354	GO593_RS11875
TU286Y-1355	GO593_RS11880
TU286Y-1356	GO593_RS11885
TU286Y-1357	GO593_RS11890
TU286Y-1358	GO593_RS11895
TU286Y-1359	GO593_RS11900
TU286Y-1360	GO593_RS11905
TU286Y-1361	GO593_RS11915
TU286Y-1361	GO593_RS11910
TU286Y-1362	GO593_RS11920
TU286Y-1363	GO593_RS11935
TU286Y-1363	GO593_RS11930
TU286Y-1363	GO593_RS11925
TU286Y-1364	GO593_RS11940
TU286Y-1365	GO593_RS11965
TU286Y-1366	GO593_RS11970
TU286Y-1367	GO593_RS11975
TU286Y-1368	GO593_RS11985
TU286Y-1368	GO593_RS11980
TU286Y-1369	GO593_RS11995
TU286Y-1369	GO593_RS11990
TU286Y-1370	GO593_RS12000
TU286Y-1371	GO593_RS12005
TU286Y-1372	GO593_RS12020
TU286Y-1372	GO593_RS12015
TU286Y-1372	GO593_RS12010
TU286Y-1373	GO593_RS12025
TU286Y-1374	GO593_RS12030
TU286Y-1375	GO593_RS12035
TU286Y-1376	GO593_RS12050
TU286Y-1376	GO593_RS12045
TU286Y-1376	GO593_RS12040
TU286Y-1377	GO593_RS12065
TU286Y-1378	GO593_RS12070
TU286Y-1379	GO593_RS12075
TU286Y-1380	GO593_RS12080
TU286Y-1381	GO593_RS12090
TU286Y-1381	GO593_RS12085
TU286Y-1382	GO593_RS12105
TU286Y-1383	GO593_RS12110
TU286Y-1384	GO593_RS12115
TU286Y-1385	GO593_RS12120
TU286Y-1386	GO593_RS12125
TU286Y-1387	GO593_RS12130
TU286Y-1388	GO593_RS12135
TU286Y-1389	GO593_RS12140
TU286Y-1390	GO593_RS12145
TU286Y-1391	GO593_RS12165
TU286Y-1391	GO593_RS12160
TU286Y-1391	GO593_RS12155
TU286Y-1392	GO593_RS12205
TU286Y-1392	GO593_RS12200
TU286Y-1392	GO593_RS12195
TU286Y-1392	GO593_RS12190
TU286Y-1392	GO593_RS12185
TU286Y-1392	GO593_RS12180
TU286Y-1392	GO593_RS12175
TU286Y-1393	GO593_RS12215
TU286Y-1393	GO593_RS12210
TU286Y-1394	GO593_RS12230
TU286Y-1394	GO593_RS12225
TU286Y-1394	GO593_RS12220
TU286Y-1395	GO593_RS12235
TU286Y-1396	GO593_RS12240
TU286Y-1397	GO593_RS12255
TU286Y-1398	GO593_RS12260
TU286Y-1399	GO593_RS12265
TU286Y-1400	GO593_RS12270
TU286Y-1401	GO593_RS12290
TU286Y-1401	GO593_RS12285
TU286Y-1401	GO593_RS12280
TU286Y-1402	GO593_RS12295
TU286Y-1403	GO593_RS12300
TU286Y-1404	GO593_RS12310
TU286Y-1404	GO593_RS12305
TU286Y-1405	GO593_RS12315
TU286Y-1406	GO593_RS12320
TU286Y-1407	GO593_RS12330
TU286Y-1407	GO593_RS12325
TU286Y-1408	GO593_RS12335
TU286Y-1409	GO593_RS12345
TU286Y-1409	GO593_RS12340
TU286Y-1410	GO593_RS12350
TU286Y-1411	GO593_RS12355
TU286Y-1412	GO593_RS12360
TU286Y-1413	GO593_RS12365
TU286Y-1414	GO593_RS12370
TU286Y-1415	GO593_RS12385
TU286Y-1416	GO593_RS12390
TU286Y-1417	GO593_RS12395
TU286Y-1418	GO593_RS12410
TU286Y-1418	GO593_RS12405
TU286Y-1418	GO593_RS12400
TU286Y-1419	GO593_RS12415
TU286Y-1420	GO593_RS12430
TU286Y-1420	GO593_RS12425
TU286Y-1420	GO593_RS12420
TU286Y-1421	GO593_RS12435
TU286Y-1422	GO593_RS12440
TU286Y-1423	GO593_RS12445
TU286Y-1424	GO593_RS12455
TU286Y-1424	GO593_RS12450
TU286Y-1425	GO593_RS12460
TU286Y-1426	GO593_RS12465
TU286Y-1427	GO593_RS12470
TU286Y-1428	GO593_RS12480
TU286Y-1428	GO593_RS12475
TU286Y-1429	GO593_RS12485
TU286Y-1430	GO593_RS12490
TU286Y-1431	GO593_RS12500
TU286Y-1431	GO593_RS12495
TU286Y-1432	GO593_RS12505
TU286Y-1433	GO593_RS12510
TU286Y-1434	GO593_RS12520
TU286Y-1435	GO593_RS12530
TU286Y-1435	GO593_RS12525
TU286Y-1436	GO593_RS12535
TU286Y-1437	GO593_RS12550
TU286Y-1438	GO593_RS12560
TU286Y-1438	GO593_RS12555
TU286Y-1439	GO593_RS12565
TU286Y-1440	GO593_RS12570
TU286Y-1441	GO593_RS12575
TU286Y-1442	GO593_RS12585
TU286Y-1443	GO593_RS12590
TU286Y-1444	GO593_RS12595
TU286Y-1445	GO593_RS12600
TU286Y-1446	GO593_RS12650
TU286Y-1446	GO593_RS12645
TU286Y-1446	GO593_RS12640
TU286Y-1446	GO593_RS12635
TU286Y-1446	GO593_RS12630
TU286Y-1446	GO593_RS12625
TU286Y-1446	GO593_RS12620
TU286Y-1446	GO593_RS12615
TU286Y-1446	GO593_RS12610
TU286Y-1446	GO593_RS12605
TU286Y-1447	GO593_RS12655
TU286Y-1448	GO593_RS12660
TU286Y-1449	GO593_RS12665
TU286Y-1450	GO593_RS12710
TU286Y-1450	GO593_RS12705
TU286Y-1450	GO593_RS12700
TU286Y-1450	GO593_RS12695
TU286Y-1450	GO593_RS12690
TU286Y-1450	GO593_RS12685
TU286Y-1450	GO593_RS12680
TU286Y-1450	GO593_RS12675
TU286Y-1450	GO593_RS12670
TU286Y-1451	GO593_RS12720
TU286Y-1452	GO593_RS12730
TU286Y-1452	GO593_RS12725
TU286Y-1453	GO593_RS12735
TU286Y-1454	GO593_RS12750
TU286Y-1454	GO593_RS12745
TU286Y-1454	GO593_RS12740
TU286Y-1455	GO593_RS12760
TU286Y-1456	GO593_RS12800
TU286Y-1456	GO593_RS12795
TU286Y-1456	GO593_RS12790
TU286Y-1456	GO593_RS12785
TU286Y-1456	GO593_RS12780
TU286Y-1456	GO593_RS12775
TU286Y-1456	GO593_RS12770
TU286Y-1456	GO593_RS12765
TU286Y-1457	GO593_RS12815
TU286Y-1457	GO593_RS12810
TU286Y-1457	GO593_RS12805
TU286Y-1458	GO593_RS12820
TU286Y-1459	GO593_RS12835
TU286Y-1459	GO593_RS12830
TU286Y-1459	GO593_RS12825
TU286Y-1460	GO593_RS12855
TU286Y-1460	GO593_RS12850
TU286Y-1460	GO593_RS12845
TU286Y-1460	GO593_RS12840
TU286Y-1461	GO593_RS12860
TU286Y-1462	GO593_RS12870
TU286Y-1462	GO593_RS12865
TU286Y-1463	GO593_RS12875
TU286Y-1464	GO593_RS12885
TU286Y-1464	GO593_RS12880
TU286Y-1465	GO593_RS12890
TU286Y-1466	GO593_RS12895
TU286Y-1467	GO593_RS12900
TU286Y-1468	GO593_RS12905
TU286Y-1469	GO593_RS12910
TU286Y-1470	GO593_RS12915
TU286Y-1471	GO593_RS12920
TU286Y-1472	GO593_RS12925
TU286Y-1473	GO593_RS12930
TU286Y-1474	GO593_RS12935
TU286Y-1475	GO593_RS12940
TU286Y-1476	GO593_RS12970
TU286Y-1477	GO593_RS12980
TU286Y-1477	GO593_RS12975
TU286Y-1478	GO593_RS12985
TU286Y-1479	GO593_RS12990
TU286Y-1480	GO593_RS13005
TU286Y-1480	GO593_RS13000
TU286Y-1481	GO593_RS13010
TU286Y-1482	GO593_RS13020
TU286Y-1483	GO593_RS13025
TU286Y-1484	GO593_RS13030
TU286Y-1485	GO593_RS13035
TU286Y-1486	GO593_RS13045
TU286Y-1486	GO593_RS13040
TU286Y-1487	GO593_RS13050
TU286Y-1488	GO593_RS13055
TU286Y-1489	GO593_RS13060
TU286Y-1490	GO593_RS13065
TU286Y-1491	GO593_RS13070
TU286Y-1492	GO593_RS13075
TU286Y-1493	GO593_RS13080
TU286Y-1494	GO593_RS13100
TU286Y-1494	GO593_RS13095
TU286Y-1494	GO593_RS13090
TU286Y-1494	GO593_RS13085
TU286Y-1495	GO593_RS13115
TU286Y-1496	GO593_RS13125
TU286Y-1496	GO593_RS13120
TU286Y-1497	GO593_RS13130
TU286Y-1498	GO593_RS13135
TU286Y-1499	GO593_RS13140
TU286Y-1500	GO593_RS13145
TU286Y-1501	GO593_RS13155
TU286Y-1501	GO593_RS13150
TU286Y-1502	GO593_RS13160
TU286Y-1503	GO593_RS13165
TU286Y-1504	GO593_RS13175
TU286Y-1505	GO593_RS13185
TU286Y-1505	GO593_RS13180
TU286Y-1506	GO593_RS13195
TU286Y-1507	GO593_RS13200
TU286Y-1508	GO593_RS13205
TU286Y-1509	GO593_RS13215
TU286Y-1510	GO593_RS13220
TU286Y-1511	GO593_RS13225
TU286Y-1512	GO593_RS13235
TU286Y-1513	GO593_RS13245
TU286Y-1513	GO593_RS13240
TU286Y-1514	GO593_RS13250
TU286Y-1515	GO593_RS13255
TU286Y-1516	GO593_RS13275
TU286Y-1517	GO593_RS13280
TU286Y-1518	GO593_RS13285
TU286Y-1519	GO593_RS13290
TU286Y-1520	GO593_RS19080
TU286Y-1520	GO593_RS13295
TU286Y-1521	GO593_RS13315
TU286Y-1521	GO593_RS13310
TU286Y-1521	GO593_RS13305
TU286Y-1522	GO593_RS13330
TU286Y-1522	GO593_RS13325
TU286Y-1522	GO593_RS13320
TU286Y-1523	GO593_RS13335
TU286Y-1524	GO593_RS13340
TU286Y-1525	GO593_RS13345
TU286Y-1526	GO593_RS13355
TU286Y-1526	GO593_RS13350
TU286Y-1527	GO593_RS13405
TU286Y-1527	GO593_RS13400
TU286Y-1527	GO593_RS13395
TU286Y-1527	GO593_RS13390
TU286Y-1527	GO593_RS13385
TU286Y-1527	GO593_RS13380
TU286Y-1527	GO593_RS13375
TU286Y-1527	GO593_RS13370
TU286Y-1527	GO593_RS13365
TU286Y-1527	GO593_RS13360
TU286Y-1528	GO593_RS13410
TU286Y-1529	GO593_RS13475
TU286Y-1529	GO593_RS13470
TU286Y-1529	GO593_RS13465
TU286Y-1529	GO593_RS13460
TU286Y-1529	GO593_RS13455
TU286Y-1529	GO593_RS13450
TU286Y-1529	GO593_RS13445
TU286Y-1529	GO593_RS13440
TU286Y-1529	GO593_RS13435
TU286Y-1529	GO593_RS13430
TU286Y-1529	GO593_RS13425
TU286Y-1529	GO593_RS13420
TU286Y-1529	GO593_RS13415
TU286Y-1530	GO593_RS13480
TU286Y-1531	GO593_RS13485
TU286Y-1532	GO593_RS13495
TU286Y-1532	GO593_RS13490
TU286Y-1533	GO593_RS13505
TU286Y-1533	GO593_RS13500
TU286Y-1534	GO593_RS13510
TU286Y-1535	GO593_RS13515
TU286Y-1536	GO593_RS13525
TU286Y-1536	GO593_RS13520
TU286Y-1537	GO593_RS13550
TU286Y-1537	GO593_RS13545
TU286Y-1537	GO593_RS13540
TU286Y-1537	GO593_RS13535
TU286Y-1537	GO593_RS13530
TU286Y-1538	GO593_RS13555
TU286Y-1539	GO593_RS13575
TU286Y-1539	GO593_RS13570
TU286Y-1539	GO593_RS13565
TU286Y-1539	GO593_RS13560
TU286Y-1540	GO593_RS13580
TU286Y-1541	GO593_RS13590
TU286Y-1542	GO593_RS13605
TU286Y-1542	GO593_RS13600
TU286Y-1542	GO593_RS13595
TU286Y-1543	GO593_RS13615
TU286Y-1543	GO593_RS13610
TU286Y-1544	GO593_RS13620
TU286Y-1545	GO593_RS13625
TU286Y-1546	GO593_RS13630
TU286Y-1547	GO593_RS13635
TU286Y-1548	GO593_RS13640
TU286Y-1549	GO593_RS13645
TU286Y-1550	GO593_RS13650
TU286Y-1551	GO593_RS13655
TU286Y-1552	GO593_RS13660
TU286Y-1553	GO593_RS13665
TU286Y-1554	GO593_RS13670
TU286Y-1555	GO593_RS13675
TU286Y-1556	GO593_RS13680
TU286Y-1557	GO593_RS13685
TU286Y-1558	GO593_RS13690
TU286Y-1559	GO593_RS13695
TU286Y-1560	GO593_RS13700
TU286Y-1561	GO593_RS13705
TU286Y-1562	GO593_RS13710
TU286Y-1563	GO593_RS13715
TU286Y-1564	GO593_RS13720
TU286Y-1565	GO593_RS13725
TU286Y-1566	GO593_RS13730
TU286Y-1567	GO593_RS13755
TU286Y-1567	GO593_RS13750
TU286Y-1567	GO593_RS13745
TU286Y-1567	GO593_RS13740
TU286Y-1567	GO593_RS13735
TU286Y-1568	GO593_RS13760
TU286Y-1569	GO593_RS13765
TU286Y-1570	GO593_RS13775
TU286Y-1570	GO593_RS13770
TU286Y-1571	GO593_RS13780
TU286Y-1572	GO593_RS13785
TU286Y-1573	GO593_RS13795
TU286Y-1574	GO593_RS13810
TU286Y-1574	GO593_RS13805
TU286Y-1574	GO593_RS13800
TU286Y-1575	GO593_RS13845
TU286Y-1575	GO593_RS13840
TU286Y-1575	GO593_RS13835
TU286Y-1575	GO593_RS13830
TU286Y-1576	GO593_RS13855
TU286Y-1576	GO593_RS13850
TU286Y-1577	GO593_RS13860
TU286Y-1578	GO593_RS13875
TU286Y-1578	GO593_RS13870
TU286Y-1578	GO593_RS13865
TU286Y-1579	GO593_RS13880
TU286Y-1580	GO593_RS13920
TU286Y-1580	GO593_RS13915
TU286Y-1580	GO593_RS13910
TU286Y-1580	GO593_RS13905
TU286Y-1580	GO593_RS13900
TU286Y-1580	GO593_RS13895
TU286Y-1580	GO593_RS13890
TU286Y-1580	GO593_RS13885
TU286Y-1581	GO593_RS13950
TU286Y-1581	GO593_RS13945
TU286Y-1581	GO593_RS13940
TU286Y-1581	GO593_RS13935
TU286Y-1581	GO593_RS13930
TU286Y-1581	GO593_RS13925
TU286Y-1582	GO593_RS13970
TU286Y-1582	GO593_RS13965
TU286Y-1582	GO593_RS13960
TU286Y-1583	GO593_RS13975
TU286Y-1584	GO593_RS13980
TU286Y-1585	GO593_RS13985
TU286Y-1586	GO593_RS13990
TU286Y-1587	GO593_RS13995
TU286Y-1588	GO593_RS14000
TU286Y-1589	GO593_RS14005
TU286Y-1590	GO593_RS14015
TU286Y-1591	GO593_RS14035
TU286Y-1591	GO593_RS14030
TU286Y-1591	GO593_RS14025
TU286Y-1591	GO593_RS14020
TU286Y-1592	GO593_RS14040
TU286Y-1593	GO593_RS14045
TU286Y-1594	GO593_RS14050
TU286Y-1595	GO593_RS14055
TU286Y-1596	GO593_RS14125
TU286Y-1596	GO593_RS14120
TU286Y-1596	GO593_RS14115
TU286Y-1596	GO593_RS14110
TU286Y-1596	GO593_RS14105
TU286Y-1596	GO593_RS14100
TU286Y-1596	GO593_RS14095
TU286Y-1596	GO593_RS14090
TU286Y-1596	GO593_RS14085
TU286Y-1596	GO593_RS14080
TU286Y-1596	GO593_RS14075
TU286Y-1596	GO593_RS14070
TU286Y-1597	GO593_RS14130
TU286Y-1598	GO593_RS14135
TU286Y-1599	GO593_RS14140
TU286Y-1600	GO593_RS14145
TU286Y-1601	GO593_RS14155
TU286Y-1602	GO593_RS14160
TU286Y-1603	GO593_RS14165
TU286Y-1604	GO593_RS14175
TU286Y-1605	GO593_RS14180
TU286Y-1606	GO593_RS14190
TU286Y-1606	GO593_RS14185
TU286Y-1607	GO593_RS14195
TU286Y-1608	GO593_RS14205
TU286Y-1608	GO593_RS14200
TU286Y-1609	GO593_RS14210
TU286Y-1610	GO593_RS14215
TU286Y-1611	GO593_RS14240
TU286Y-1611	GO593_RS14235
TU286Y-1611	GO593_RS14230
TU286Y-1611	GO593_RS14225
TU286Y-1611	GO593_RS14220
TU286Y-1612	GO593_RS14255
TU286Y-1612	GO593_RS14250
TU286Y-1612	GO593_RS14245
TU286Y-1613	GO593_RS14265
TU286Y-1613	GO593_RS14260
TU286Y-1614	GO593_RS14285
TU286Y-1615	GO593_RS14290
TU286Y-1616	GO593_RS14305
TU286Y-1616	GO593_RS14300
TU286Y-1616	GO593_RS14295
TU286Y-1617	GO593_RS14320
TU286Y-1617	GO593_RS14315
TU286Y-1617	GO593_RS14310
TU286Y-1618	GO593_RS14325
TU286Y-1619	GO593_RS14330
TU286Y-1620	GO593_RS14335
TU286Y-1621	GO593_RS14340
TU286Y-1622	GO593_RS14355
TU286Y-1623	GO593_RS14360
TU286Y-1624	GO593_RS14370
TU286Y-1624	GO593_RS14365
TU286Y-1625	GO593_RS14380
TU286Y-1625	GO593_RS14375
TU286Y-1626	GO593_RS14390
TU286Y-1626	GO593_RS14385
TU286Y-1627	GO593_RS14410
TU286Y-1627	GO593_RS14405
TU286Y-1627	GO593_RS14400
TU286Y-1627	GO593_RS14395
TU286Y-1628	GO593_RS14420
TU286Y-1629	GO593_RS14425
TU286Y-1630	GO593_RS14460
TU286Y-1630	GO593_RS14455
TU286Y-1630	GO593_RS14450
TU286Y-1630	GO593_RS14445
TU286Y-1630	GO593_RS14440
TU286Y-1631	GO593_RS14465
TU286Y-1632	GO593_RS14470
TU286Y-1633	GO593_RS14475
TU286Y-1634	GO593_RS14480
TU286Y-1635	GO593_RS19085
TU286Y-1636	GO593_RS14500
TU286Y-1637	GO593_RS14505
TU286Y-1638	GO593_RS14510
TU286Y-1639	GO593_RS14515
TU286Y-1640	GO593_RS14520
TU286Y-1641	GO593_RS14525
TU286Y-1642	GO593_RS14530
TU286Y-1643	GO593_RS14535
TU286Y-1644	GO593_RS14540
TU286Y-1645	GO593_RS14580
TU286Y-1645	GO593_RS14575
TU286Y-1646	GO593_RS14585
TU286Y-1647	GO593_RS14610
TU286Y-1647	GO593_RS14605
TU286Y-1647	GO593_RS14600
TU286Y-1647	GO593_RS14595
TU286Y-1648	GO593_RS14615
TU286Y-1649	GO593_RS14620
TU286Y-1650	GO593_RS14625
TU286Y-1651	GO593_RS14635
TU286Y-1652	GO593_RS14640
TU286Y-1653	GO593_RS14650
TU286Y-1653	GO593_RS14645
TU286Y-1654	GO593_RS14655
TU286Y-1655	GO593_RS14670
TU286Y-1655	GO593_RS14665
TU286Y-1656	GO593_RS14675
TU286Y-1657	GO593_RS14685
TU286Y-1657	GO593_RS14680
TU286Y-1658	GO593_RS14695
TU286Y-1659	GO593_RS14700
TU286Y-1660	GO593_RS14710
TU286Y-1660	GO593_RS14705
TU286Y-1661	GO593_RS14715
TU286Y-1662	GO593_RS14750
TU286Y-1662	GO593_RS14745
TU286Y-1662	GO593_RS14740
TU286Y-1662	GO593_RS14735
TU286Y-1662	GO593_RS14730
TU286Y-1662	GO593_RS14725
TU286Y-1662	GO593_RS14720
TU286Y-1663	GO593_RS14760
TU286Y-1663	GO593_RS14755
TU286Y-1664	GO593_RS14765
TU286Y-1665	GO593_RS14770
TU286Y-1666	GO593_RS14785
TU286Y-1666	GO593_RS14780
TU286Y-1666	GO593_RS14775
TU286Y-1667	GO593_RS14790
TU286Y-1668	GO593_RS14795
TU286Y-1669	GO593_RS14800
TU286Y-1670	GO593_RS14805
TU286Y-1671	GO593_RS14830
TU286Y-1671	GO593_RS14825
TU286Y-1671	GO593_RS14820
TU286Y-1671	GO593_RS14815
TU286Y-1672	GO593_RS14840
TU286Y-1672	GO593_RS14835
TU286Y-1673	GO593_RS14855
TU286Y-1674	GO593_RS14860
TU286Y-1675	GO593_RS14865
TU286Y-1676	GO593_RS14875
TU286Y-1677	GO593_RS14880
TU286Y-1678	GO593_RS14895
TU286Y-1678	GO593_RS14890
TU286Y-1679	GO593_RS14900
TU286Y-1680	GO593_RS14905
TU286Y-1681	GO593_RS14910
TU286Y-1682	GO593_RS14925
TU286Y-1682	GO593_RS14920
TU286Y-1682	GO593_RS14915
TU286Y-1683	GO593_RS14930
TU286Y-1684	GO593_RS14935
TU286Y-1685	GO593_RS14940
TU286Y-1686	GO593_RS14955
TU286Y-1686	GO593_RS14950
TU286Y-1686	GO593_RS14945
TU286Y-1687	GO593_RS14960
TU286Y-1688	GO593_RS14975
TU286Y-1688	GO593_RS14970
TU286Y-1688	GO593_RS14965
TU286Y-1689	GO593_RS14980
TU286Y-1690	GO593_RS14990
TU286Y-1690	GO593_RS14985
TU286Y-1691	GO593_RS15000
TU286Y-1692	GO593_RS15005
TU286Y-1693	GO593_RS15015
TU286Y-1694	GO593_RS15050
TU286Y-1694	GO593_RS15045
TU286Y-1694	GO593_RS15040
TU286Y-1694	GO593_RS15035
TU286Y-1694	GO593_RS15030
TU286Y-1694	GO593_RS15025
TU286Y-1694	GO593_RS15020
TU286Y-1695	GO593_RS15055
TU286Y-1696	GO593_RS15060
TU286Y-1697	GO593_RS15075
TU286Y-1697	GO593_RS15070
TU286Y-1697	GO593_RS15065
TU286Y-1698	GO593_RS15090
TU286Y-1699	GO593_RS15095
TU286Y-1700	GO593_RS15100
TU286Y-1701	GO593_RS15115
TU286Y-1701	GO593_RS15110
TU286Y-1702	GO593_RS15120
TU286Y-1703	GO593_RS15125
TU286Y-1704	GO593_RS15155
TU286Y-1704	GO593_RS15150
TU286Y-1704	GO593_RS15145
TU286Y-1704	GO593_RS15140
TU286Y-1704	GO593_RS15135
TU286Y-1704	GO593_RS15130
TU286Y-1705	GO593_RS15160
TU286Y-1706	GO593_RS15185
TU286Y-1707	GO593_RS15190
TU286Y-1708	GO593_RS15195
TU286Y-1709	GO593_RS15205
TU286Y-1710	GO593_RS15215
TU286Y-1710	GO593_RS15210
TU286Y-1711	GO593_RS15220
TU286Y-1712	GO593_RS15225
TU286Y-1713	GO593_RS15230
TU286Y-1714	GO593_RS15235
TU286Y-1715	GO593_RS15240
TU286Y-1716	GO593_RS15245
TU286Y-1717	GO593_RS15265
TU286Y-1717	GO593_RS15260
TU286Y-1718	GO593_RS15320
TU286Y-1719	GO593_RS15325
TU286Y-1720	GO593_RS15330
TU286Y-1721	GO593_RS15335
TU286Y-1722	GO593_RS15345
TU286Y-1723	GO593_RS15350
TU286Y-1724	GO593_RS15360
TU286Y-1724	GO593_RS15355
TU286Y-1725	GO593_RS15370
TU286Y-1725	GO593_RS15365
TU286Y-1726	GO593_RS15385
TU286Y-1726	GO593_RS15380
TU286Y-1726	GO593_RS15375
TU286Y-1727	GO593_RS15390
TU286Y-1728	GO593_RS15395
TU286Y-1729	GO593_RS15410
TU286Y-1729	GO593_RS15405
TU286Y-1729	GO593_RS15400
TU286Y-1730	GO593_RS15425
TU286Y-1730	GO593_RS15420
TU286Y-1730	GO593_RS15415
TU286Y-1731	GO593_RS15435
TU286Y-1731	GO593_RS15430
TU286Y-1732	GO593_RS15445
TU286Y-1732	GO593_RS15440
TU286Y-1733	GO593_RS15460
TU286Y-1733	GO593_RS15455
TU286Y-1733	GO593_RS15450
TU286Y-1734	GO593_RS15525
TU286Y-1734	GO593_RS15520
TU286Y-1734	GO593_RS15515
TU286Y-1734	GO593_RS15510
TU286Y-1734	GO593_RS15505
TU286Y-1734	GO593_RS15500
TU286Y-1734	GO593_RS15495
TU286Y-1734	GO593_RS15490
TU286Y-1734	GO593_RS15485
TU286Y-1734	GO593_RS15480
TU286Y-1734	GO593_RS15475
TU286Y-1734	GO593_RS15470
TU286Y-1734	GO593_RS15465
TU286Y-1735	GO593_RS15530
TU286Y-1736	GO593_RS15545
TU286Y-1736	GO593_RS15540
TU286Y-1736	GO593_RS15535
TU286Y-1737	GO593_RS15555
TU286Y-1737	GO593_RS15550
TU286Y-1738	GO593_RS15560
TU286Y-1739	GO593_RS15570
TU286Y-1739	GO593_RS15565
TU286Y-1740	GO593_RS15575
TU286Y-1741	GO593_RS15580
TU286Y-1742	GO593_RS15585
TU286Y-1743	GO593_RS15590
TU286Y-1744	GO593_RS15595
TU286Y-1745	GO593_RS15600
TU286Y-1746	GO593_RS15605
TU286Y-1747	GO593_RS15625
TU286Y-1747	GO593_RS15620
TU286Y-1747	GO593_RS15615
TU286Y-1747	GO593_RS15610
TU286Y-1748	GO593_RS15630
TU286Y-1749	GO593_RS15635
TU286Y-1750	GO593_RS15670
TU286Y-1750	GO593_RS15665
TU286Y-1750	GO593_RS15660
TU286Y-1750	GO593_RS15655
TU286Y-1750	GO593_RS15650
TU286Y-1750	GO593_RS15645
TU286Y-1750	GO593_RS15640
TU286Y-1751	GO593_RS15680
TU286Y-1752	GO593_RS15685
TU286Y-1753	GO593_RS15705
TU286Y-1753	GO593_RS15700
TU286Y-1753	GO593_RS15695
TU286Y-1754	GO593_RS15710
TU286Y-1755	GO593_RS15715
TU286Y-1756	GO593_RS15720
TU286Y-1757	GO593_RS15725
TU286Y-1758	GO593_RS15730
TU286Y-1759	GO593_RS15745
TU286Y-1759	GO593_RS15740
TU286Y-1759	GO593_RS15735
TU286Y-1760	GO593_RS15755
TU286Y-1760	GO593_RS15750
TU286Y-1761	GO593_RS15765
TU286Y-1761	GO593_RS15760
TU286Y-1762	GO593_RS15770
TU286Y-1763	GO593_RS15775
TU286Y-1764	GO593_RS15780
TU286Y-1765	GO593_RS15785
TU286Y-1766	GO593_RS15805
TU286Y-1766	GO593_RS15800
TU286Y-1767	GO593_RS15810
TU286Y-1768	GO593_RS15815
TU286Y-1769	GO593_RS15820
TU286Y-1770	GO593_RS15855
TU286Y-1770	GO593_RS15850
TU286Y-1770	GO593_RS15845
TU286Y-1770	GO593_RS15840
TU286Y-1770	GO593_RS15835
TU286Y-1770	GO593_RS15830
TU286Y-1770	GO593_RS15825
TU286Y-1771	GO593_RS15860
TU286Y-1772	GO593_RS15875
TU286Y-1772	GO593_RS15870
TU286Y-1772	GO593_RS15865
TU286Y-1773	GO593_RS15880
TU286Y-1774	GO593_RS15885
TU286Y-1775	GO593_RS15905
TU286Y-1775	GO593_RS15900
TU286Y-1775	GO593_RS15895
TU286Y-1775	GO593_RS15890
TU286Y-1776	GO593_RS15910
TU286Y-1777	GO593_RS15915
TU286Y-1778	GO593_RS15920
TU286Y-1779	GO593_RS15925
TU286Y-1780	GO593_RS15940
TU286Y-1780	GO593_RS15935
TU286Y-1780	GO593_RS15930
TU286Y-1781	GO593_RS15945
TU286Y-1782	GO593_RS15975
TU286Y-1782	GO593_RS15970
TU286Y-1782	GO593_RS15965
TU286Y-1782	GO593_RS15960
TU286Y-1783	GO593_RS15985
TU286Y-1784	GO593_RS15990
TU286Y-1785	GO593_RS15995
TU286Y-1786	GO593_RS16005
TU286Y-1786	GO593_RS16000
TU286Y-1787	GO593_RS16010
TU286Y-1788	GO593_RS16015
TU286Y-1789	GO593_RS16020
TU286Y-1790	GO593_RS16025
TU286Y-1791	GO593_RS16030
TU286Y-1792	GO593_RS16040
TU286Y-1793	GO593_RS16045
TU286Y-1794	GO593_RS16055
TU286Y-1794	GO593_RS16050
TU286Y-1795	GO593_RS16070
TU286Y-1795	GO593_RS16065
TU286Y-1795	GO593_RS16060
TU286Y-1796	GO593_RS16085
TU286Y-1797	GO593_RS16090
TU286Y-1798	GO593_RS16120
TU286Y-1798	GO593_RS16115
TU286Y-1798	GO593_RS16110
TU286Y-1798	GO593_RS16105
TU286Y-1798	GO593_RS16100
TU286Y-1798	GO593_RS16095
TU286Y-1799	GO593_RS16125
TU286Y-1800	GO593_RS16130
TU286Y-1801	GO593_RS16140
TU286Y-1801	GO593_RS16135
TU286Y-1802	GO593_RS16145
TU286Y-1803	GO593_RS16150
TU286Y-1804	GO593_RS16215
TU286Y-1804	GO593_RS16210
TU286Y-1804	GO593_RS16205
TU286Y-1804	GO593_RS16200
TU286Y-1804	GO593_RS16195
TU286Y-1804	GO593_RS16190
TU286Y-1804	GO593_RS16185
TU286Y-1804	GO593_RS16180
TU286Y-1805	GO593_RS16235
TU286Y-1806	GO593_RS16240
TU286Y-1807	GO593_RS16245
TU286Y-1808	GO593_RS16250
TU286Y-1809	GO593_RS16255
TU286Y-1810	GO593_RS16260
TU286Y-1811	GO593_RS16270
TU286Y-1811	GO593_RS16265
TU286Y-1812	GO593_RS16275
TU286Y-1813	GO593_RS19095
TU286Y-1814	GO593_RS16295
TU286Y-1815	GO593_RS16300
TU286Y-1816	GO593_RS16310
TU286Y-1816	GO593_RS16305
TU286Y-1817	GO593_RS16315
TU286Y-1818	GO593_RS16340
TU286Y-1818	GO593_RS16335
TU286Y-1818	GO593_RS16330
TU286Y-1818	GO593_RS16325
TU286Y-1819	GO593_RS16345
TU286Y-1820	GO593_RS16350
TU286Y-1821	GO593_RS16365
TU286Y-1821	GO593_RS16360
TU286Y-1821	GO593_RS16355
TU286Y-1822	GO593_RS16370
TU286Y-1823	GO593_RS16385
TU286Y-1823	GO593_RS16380
TU286Y-1823	GO593_RS16375
TU286Y-1824	GO593_RS16390
TU286Y-1825	GO593_RS16395
TU286Y-1826	GO593_RS16400
TU286Y-1827	GO593_RS16410
TU286Y-1828	GO593_RS16440
TU286Y-1828	GO593_RS16435
TU286Y-1828	GO593_RS16430
TU286Y-1828	GO593_RS16425
TU286Y-1828	GO593_RS16420
TU286Y-1828	GO593_RS16415
TU286Y-1829	GO593_RS16445
TU286Y-1830	GO593_RS16450
TU286Y-1831	GO593_RS16455
TU286Y-1832	GO593_RS16465
TU286Y-1833	GO593_RS16470
TU286Y-1834	GO593_RS16480
TU286Y-1835	GO593_RS16485
TU286Y-1836	GO593_RS16490
TU286Y-1837	GO593_RS16500
TU286Y-1837	GO593_RS16495
TU286Y-1838	GO593_RS16505
TU286Y-1839	GO593_RS16510
TU286Y-1840	GO593_RS16515
TU286Y-1841	GO593_RS16530
TU286Y-1841	GO593_RS16525
TU286Y-1842	GO593_RS16540
TU286Y-1842	GO593_RS16535
TU286Y-1843	GO593_RS16545
TU286Y-1844	GO593_RS16560
TU286Y-1844	GO593_RS16555
TU286Y-1845	GO593_RS16565
TU286Y-1846	GO593_RS16570
TU286Y-1847	GO593_RS16585
TU286Y-1848	GO593_RS16590
TU286Y-1849	GO593_RS16595
TU286Y-1850	GO593_RS16605
TU286Y-1851	GO593_RS16610
TU286Y-1852	GO593_RS16625
TU286Y-1852	GO593_RS16620
TU286Y-1853	GO593_RS16635
TU286Y-1853	GO593_RS16630
TU286Y-1854	GO593_RS16645
TU286Y-1854	GO593_RS16640
TU286Y-1855	GO593_RS16655
TU286Y-1855	GO593_RS16650
TU286Y-1856	GO593_RS16660
TU286Y-1857	GO593_RS16680
TU286Y-1857	GO593_RS16675
TU286Y-1857	GO593_RS16670
TU286Y-1857	GO593_RS16665
TU286Y-1858	GO593_RS16700
TU286Y-1858	GO593_RS16695
TU286Y-1859	GO593_RS16705
TU286Y-1860	GO593_RS16710
TU286Y-1861	GO593_RS16720
TU286Y-1861	GO593_RS16715
TU286Y-1862	GO593_RS16725
TU286Y-1863	GO593_RS16730
TU286Y-1864	GO593_RS16740
TU286Y-1864	GO593_RS16735
TU286Y-1865	GO593_RS16745
TU286Y-1866	GO593_RS16770
TU286Y-1866	GO593_RS16765
TU286Y-1866	GO593_RS16760
TU286Y-1866	GO593_RS16755
TU286Y-1867	GO593_RS16775
TU286Y-1868	GO593_RS16780
TU286Y-1869	GO593_RS16785
TU286Y-1870	GO593_RS16805
TU286Y-1870	GO593_RS16800
TU286Y-1870	GO593_RS16795
TU286Y-1871	GO593_RS16810
TU286Y-1872	GO593_RS16815
TU286Y-1873	GO593_RS16825
TU286Y-1873	GO593_RS16820
TU286Y-1874	GO593_RS16840
TU286Y-1874	GO593_RS16835
TU286Y-1875	GO593_RS16850
TU286Y-1875	GO593_RS16845
TU286Y-1876	GO593_RS16885
TU286Y-1876	GO593_RS16880
TU286Y-1876	GO593_RS16875
TU286Y-1877	GO593_RS16890
TU286Y-1878	GO593_RS16910
TU286Y-1878	GO593_RS16905
TU286Y-1878	GO593_RS16900
TU286Y-1878	GO593_RS16895
TU286Y-1879	GO593_RS16915
TU286Y-1880	GO593_RS19100
TU286Y-1881	GO593_RS16920
TU286Y-1882	GO593_RS16925
TU286Y-1883	GO593_RS16930
TU286Y-1884	GO593_RS16945
TU286Y-1884	GO593_RS16940
TU286Y-1884	GO593_RS16935
TU286Y-1885	GO593_RS16955
TU286Y-1885	GO593_RS16950
TU286Y-1886	GO593_RS16960
TU286Y-1887	GO593_RS16965
TU286Y-1888	GO593_RS16970
TU286Y-1889	GO593_RS16975
TU286Y-1890	GO593_RS16980
TU286Y-1891	GO593_RS16990
TU286Y-1892	GO593_RS16995
TU286Y-1893	GO593_RS17005
TU286Y-1893	GO593_RS17000
TU286Y-1894	GO593_RS17010
TU286Y-1895	GO593_RS17030
TU286Y-1895	GO593_RS17025
TU286Y-1895	GO593_RS17020
TU286Y-1896	GO593_RS17035
TU286Y-1897	GO593_RS17040
TU286Y-1898	GO593_RS17045
TU286Y-1899	GO593_RS17050
TU286Y-1900	GO593_RS17075
TU286Y-1900	GO593_RS17070
TU286Y-1900	GO593_RS17065
TU286Y-1900	GO593_RS17060
TU286Y-1900	GO593_RS17055
TU286Y-1901	GO593_RS17085
TU286Y-1901	GO593_RS17080
TU286Y-1902	GO593_RS17090
TU286Y-1903	GO593_RS17100
TU286Y-1903	GO593_RS17095
TU286Y-1904	GO593_RS17105
TU286Y-1905	GO593_RS17110
TU286Y-1906	GO593_RS17115
TU286Y-1907	GO593_RS17155
TU286Y-1907	GO593_RS17150
TU286Y-1907	GO593_RS17145
TU286Y-1907	GO593_RS17140
TU286Y-1907	GO593_RS17135
TU286Y-1907	GO593_RS17130
TU286Y-1907	GO593_RS17125
TU286Y-1907	GO593_RS17120
TU286Y-1908	GO593_RS17160
TU286Y-1909	GO593_RS17165
TU286Y-1910	GO593_RS17170
TU286Y-1911	GO593_RS17190
TU286Y-1911	GO593_RS17185
TU286Y-1911	GO593_RS17180
TU286Y-1911	GO593_RS17175
TU286Y-1912	GO593_RS17195
TU286Y-1913	GO593_RS17200
TU286Y-1914	GO593_RS17215
TU286Y-1914	GO593_RS17210
TU286Y-1914	GO593_RS17205
TU286Y-1915	GO593_RS17220
TU286Y-1916	GO593_RS17225
TU286Y-1917	GO593_RS17230
TU286Y-1918	GO593_RS17240
TU286Y-1918	GO593_RS17235
TU286Y-1919	GO593_RS17285
TU286Y-1919	GO593_RS17280
TU286Y-1919	GO593_RS17275
TU286Y-1919	GO593_RS17270
TU286Y-1919	GO593_RS17265
TU286Y-1919	GO593_RS17260
TU286Y-1919	GO593_RS17255
TU286Y-1919	GO593_RS17250
TU286Y-1919	GO593_RS17245
TU286Y-1920	GO593_RS17295
TU286Y-1920	GO593_RS17290
TU286Y-1921	GO593_RS17305
TU286Y-1922	GO593_RS17315
TU286Y-1922	GO593_RS17310
TU286Y-1923	GO593_RS17320
TU286Y-1924	GO593_RS17325
TU286Y-1925	GO593_RS17340
TU286Y-1925	GO593_RS17335
TU286Y-1925	GO593_RS17330
TU286Y-1926	GO593_RS17345
TU286Y-1927	GO593_RS17355
TU286Y-1927	GO593_RS17350
TU286Y-1928	GO593_RS17360
TU286Y-1929	GO593_RS17380
TU286Y-1929	GO593_RS17375
TU286Y-1929	GO593_RS17370
TU286Y-1929	GO593_RS17365
TU286Y-1930	GO593_RS17385
TU286Y-1931	GO593_RS17400
TU286Y-1931	GO593_RS17395
TU286Y-1932	GO593_RS17405
TU286Y-1933	GO593_RS17415
TU286Y-1933	GO593_RS17410
TU286Y-1934	GO593_RS17425
TU286Y-1934	GO593_RS17420
TU286Y-1935	GO593_RS17430
TU286Y-1936	GO593_RS17445
TU286Y-1936	GO593_RS17440
TU286Y-1936	GO593_RS17435
TU286Y-1937	GO593_RS17470
TU286Y-1937	GO593_RS17465
TU286Y-1937	GO593_RS17460
TU286Y-1937	GO593_RS17455
TU286Y-1937	GO593_RS17450
TU286Y-1938	GO593_RS17475
TU286Y-1939	GO593_RS17480
TU286Y-1940	GO593_RS17485
TU286Y-1941	GO593_RS17490
TU286Y-1942	GO593_RS17495
TU286Y-1943	GO593_RS17500
TU286Y-1944	GO593_RS17505
TU286Y-1945	GO593_RS17510
TU286Y-1946	GO593_RS17540
TU286Y-1947	GO593_RS17545
TU286Y-1948	GO593_RS17550
TU286Y-1949	GO593_RS17560
TU286Y-1950	GO593_RS17575
TU286Y-1950	GO593_RS17570
TU286Y-1950	GO593_RS17565
TU286Y-1951	GO593_RS17585
TU286Y-1952	GO593_RS17590
TU286Y-1953	GO593_RS17595
TU286Y-1954	GO593_RS17600
TU286Y-1955	GO593_RS17610
TU286Y-1956	GO593_RS17615
TU286Y-1957	GO593_RS17620
TU286Y-1958	GO593_RS17635
TU286Y-1958	GO593_RS17630
TU286Y-1958	GO593_RS17625
TU286Y-1959	GO593_RS17640
TU286Y-1960	GO593_RS17645
TU286Y-1961	GO593_RS17650
TU286Y-1962	GO593_RS17655
TU286Y-1963	GO593_RS17660
TU286Y-1964	GO593_RS17670
TU286Y-1964	GO593_RS17665
TU286Y-1965	GO593_RS17675
TU286Y-1966	GO593_RS17680
TU286Y-1967	GO593_RS17710
TU286Y-1967	GO593_RS17705
TU286Y-1967	GO593_RS17700
TU286Y-1967	GO593_RS17695
TU286Y-1968	GO593_RS17715
TU286Y-1969	GO593_RS17740
TU286Y-1969	GO593_RS17735
TU286Y-1969	GO593_RS17730
TU286Y-1969	GO593_RS17725
TU286Y-1969	GO593_RS17720
TU286Y-1970	GO593_RS17745
TU286Y-1971	GO593_RS17750
TU286Y-1972	GO593_RS17755
TU286Y-1973	GO593_RS17765
TU286Y-1973	GO593_RS17760
TU286Y-1974	GO593_RS17770
TU286Y-1975	GO593_RS17775
TU286Y-1976	GO593_RS17780
TU286Y-1977	GO593_RS17795
TU286Y-1978	GO593_RS17800
TU286Y-1979	GO593_RS17805
TU286Y-1980	GO593_RS17810
TU286Y-1981	GO593_RS17815
TU286Y-1982	GO593_RS17820
TU286Y-1983	GO593_RS17825
TU286Y-1984	GO593_RS17840
TU286Y-1984	GO593_RS17835
TU286Y-1984	GO593_RS17830
TU286Y-1985	GO593_RS17855
TU286Y-1986	GO593_RS17880
TU286Y-1986	GO593_RS17875
TU286Y-1986	GO593_RS17870
TU286Y-1986	GO593_RS17865
TU286Y-1986	GO593_RS17860
TU286Y-1987	GO593_RS17885
TU286Y-1988	GO593_RS17910
TU286Y-1988	GO593_RS17905
TU286Y-1988	GO593_RS17900
TU286Y-1988	GO593_RS17895
TU286Y-1988	GO593_RS17890
TU286Y-1989	GO593_RS17920
TU286Y-1989	GO593_RS17915
TU286Y-1990	GO593_RS17930
TU286Y-1991	GO593_RS17945
TU286Y-1991	GO593_RS17940
TU286Y-1991	GO593_RS17935
TU286Y-1992	GO593_RS17950
TU286Y-1993	GO593_RS17955
TU286Y-1994	GO593_RS17960
TU286Y-1995	GO593_RS17965
TU286Y-1996	GO593_RS17970
TU286Y-1997	GO593_RS17975
TU286Y-1998	GO593_RS17995
TU286Y-1998	GO593_RS17990
TU286Y-1998	GO593_RS17985
TU286Y-1998	GO593_RS17980
TU286Y-1999	GO593_RS18000
TU286Y-2000	GO593_RS18010
TU286Y-2000	GO593_RS18005
TU286Y-2001	GO593_RS19105
TU286Y-2001	GO593_RS18015
TU286Y-2002	GO593_RS18020
TU286Y-2003	GO593_RS18025
TU286Y-2004	GO593_RS18035
TU286Y-2005	GO593_RS18040
TU286Y-2006	GO593_RS18045
TU286Y-2007	GO593_RS18060
TU286Y-2008	GO593_RS18065
TU286Y-2009	GO593_RS18070
TU286Y-2010	GO593_RS18090
TU286Y-2010	GO593_RS18085
TU286Y-2011	GO593_RS19110
TU286Y-2012	GO593_RS18095
TU286Y-2013	GO593_RS19115
TU286Y-2014	GO593_RS18100
TU286Y-2015	GO593_RS18105
TU286Y-2016	GO593_RS18110
TU286Y-2017	GO593_RS18115
TU286Y-2018	GO593_RS18120
TU286Y-2019	GO593_RS18125
TU286Y-2020	GO593_RS18130
TU286Y-2021	GO593_RS18140
TU286Y-2022	GO593_RS18145
TU286Y-2023	GO593_RS18150
TU286Y-2024	GO593_RS18155
TU286Y-2025	GO593_RS18160
TU286Y-2026	GO593_RS18170
TU286Y-2027	GO593_RS18175
TU286Y-2028	GO593_RS18185
TU286Y-2029	GO593_RS18200
TU286Y-2029	GO593_RS18195
TU286Y-2029	GO593_RS18190
TU286Y-2030	GO593_RS18215
TU286Y-2030	GO593_RS18210
TU286Y-2030	GO593_RS18205
TU286Y-2031	GO593_RS18220
TU286Y-2032	GO593_RS18225
TU286Y-2033	GO593_RS18230
TU286Y-2034	GO593_RS18240
TU286Y-2034	GO593_RS18235
TU286Y-2035	GO593_RS18250
TU286Y-2035	GO593_RS18245
TU286Y-2036	GO593_RS18255
TU286Y-2037	GO593_RS18260
TU286Y-2038	GO593_RS18270
TU286Y-2039	GO593_RS18285
TU286Y-2039	GO593_RS18280
TU286Y-2039	GO593_RS18275
TU286Y-2040	GO593_RS18290
TU286Y-2041	GO593_RS18305
TU286Y-2041	GO593_RS18300
TU286Y-2042	GO593_RS18320
TU286Y-2043	GO593_RS18325
TU286Y-2044	GO593_RS18340
TU286Y-2044	GO593_RS18335
TU286Y-2044	GO593_RS18330
TU286Y-2045	GO593_RS18345
TU286Y-2046	GO593_RS18350
TU286Y-2047	GO593_RS18355
TU286Y-2048	GO593_RS18360
TU286Y-2049	GO593_RS18365
TU286Y-2050	GO593_RS18375
TU286Y-2051	GO593_RS18380
TU286Y-2052	GO593_RS18385
TU286Y-2053	GO593_RS18395
TU286Y-2054	GO593_RS18400
TU286Y-2055	GO593_RS18405
TU286Y-2056	GO593_RS18410
TU286Y-2057	GO593_RS18420
TU286Y-2057	GO593_RS18415
TU286Y-2058	GO593_RS18430
TU286Y-2058	GO593_RS18425
TU286Y-2059	GO593_RS18465
TU286Y-2059	GO593_RS18460
TU286Y-2059	GO593_RS18455
TU286Y-2059	GO593_RS18450
TU286Y-2059	GO593_RS18445
TU286Y-2060	GO593_RS18480
TU286Y-2060	GO593_RS18475
TU286Y-2060	GO593_RS18470
TU286Y-2061	GO593_RS18485
TU286Y-2062	GO593_RS18495
TU286Y-2063	GO593_RS18505
TU286Y-2063	GO593_RS18500
TU286Y-2064	GO593_RS18520
TU286Y-2064	GO593_RS18515
TU286Y-2065	GO593_RS18525
TU286Y-2066	GO593_RS18530
TU286Y-2067	GO593_RS18535
TU286Y-2068	GO593_RS18540
TU286Y-2069	GO593_RS18545
TU286Y-2070	GO593_RS18550
TU286Y-2071	GO593_RS18570
TU286Y-2071	GO593_RS18565
TU286Y-2071	GO593_RS18560
TU286Y-2071	GO593_RS18555
TU286Y-2072	GO593_RS18575
TU286Y-2073	GO593_RS18585
TU286Y-2073	GO593_RS18580
TU286Y-2074	GO593_RS18610
TU286Y-2074	GO593_RS18605
TU286Y-2074	GO593_RS18600
TU286Y-2074	GO593_RS18595
TU286Y-2074	GO593_RS18590
TU286Y-2075	GO593_RS18625
TU286Y-2075	GO593_RS18620
TU286Y-2075	GO593_RS18615
TU286Y-2076	GO593_RS18635
TU286Y-2076	GO593_RS18630
TU286Y-2077	GO593_RS18655
TU286Y-2077	GO593_RS18650
TU286Y-2077	GO593_RS18645
TU286Y-2077	GO593_RS18640
TU286Y-2078	GO593_RS18670
TU286Y-2079	GO593_RS18680
TU286Y-2079	GO593_RS18675
TU286Y-2080	GO593_RS18685
TU286Y-2081	GO593_RS18695
TU286Y-2081	GO593_RS18690
TU286Y-2082	GO593_RS18700
TU286Y-2083	GO593_RS18710
TU286Y-2083	GO593_RS18705
TU286Y-2084	GO593_RS18715
TU286Y-2085	GO593_RS18720
TU286Y-2086	GO593_RS18725
TU286Y-2087	GO593_RS18730
TU286Y-2088	GO593_RS18745
TU286Y-2088	GO593_RS18740
TU286Y-2089	GO593_RS18760
TU286Y-2090	GO593_RS18775
TU286Y-2090	GO593_RS18770
TU286Y-2090	GO593_RS18765
TU286Y-2091	GO593_RS18810
TU286Y-2091	GO593_RS18805
TU286Y-2091	GO593_RS18800
TU286Y-2091	GO593_RS18795
TU286Y-2091	GO593_RS18790
TU286Y-2091	GO593_RS18785
TU286Y-2091	GO593_RS18780
TU286Y-2092	GO593_RS18815
TU286Y-2093	GO593_RS18825
TU286Y-2093	GO593_RS18820
TU286Y-2094	GO593_RS18835
TU286Y-2094	GO593_RS18830
TU286Y-2095	GO593_RS18855
TU286Y-2095	GO593_RS18850
TU286Y-2095	GO593_RS18845
TU286Y-2095	GO593_RS18840
TU286Y-2096	GO593_RS18860
TU286Y-2097	GO593_RS18865
TU286Y-2098	GO593_RS18870
TU286Y-2099	GO593_RS18875
TU286Y-2100	GO593_RS18880
TU286Y-2101	GO593_RS18885
TU286Y-2102	GO593_RS19125
TU286Y-2103	GO593_RS18915
TU286Y-2103	GO593_RS18910
TU286Y-2103	GO593_RS18905
TU286Y-2103	GO593_RS18900
TU286Y-2103	GO593_RS18895
TU286Y-2104	GO593_RS18920
TU286Y-2105	GO593_RS18925
TU286Y-2106	GO593_RS18930
TU286Y-2107	GO593_RS18940
TU286Y-2107	GO593_RS18935
TU286Y-2108	GO593_RS19025
TU286Y-2109	GO593_RS18960
TU286Y-2110	GO593_RS18965
TU286Y-2111	GO593_RS18990
TU286Y-2111	GO593_RS18985
TU286Y-2111	GO593_RS18980
TU286Y-2112	GO593_RS19000
TU286Y-2112	GO593_RS18995
TU286Y-2113	GO593_RS19010
TU286Y-2113	GO593_RS19005
TU286Y-2114	GO593_RS19015
TU286Y-2115	GO593_RS19020
TU286Y-2116	GO593_RS18950
TU286Y-2117	GO593_RS18945
TU286Y-2118	GO593_RS18755
TU286Y-2119	GO593_RS18750
TU286Y-2120	GO593_RS18735
TU286Y-2121	GO593_RS18665
TU286Y-2122	GO593_RS19120
TU286Y-2123	GO593_RS18510
TU286Y-2124	GO593_RS18490
TU286Y-2125	GO593_RS18440
TU286Y-2126	GO593_RS18435
TU286Y-2127	GO593_RS18390
TU286Y-2128	GO593_RS18370
TU286Y-2129	GO593_RS18315
TU286Y-2130	GO593_RS18310
TU286Y-2131	GO593_RS18295
TU286Y-2132	GO593_RS18265
TU286Y-2133	GO593_RS18180
TU286Y-2134	GO593_RS18165
TU286Y-2135	GO593_RS18135
TU286Y-2136	GO593_RS18080
TU286Y-2137	GO593_RS18075
TU286Y-2138	GO593_RS18055
TU286Y-2139	GO593_RS18050
TU286Y-2140	GO593_RS18030
TU286Y-2141	GO593_RS17925
TU286Y-2142	GO593_RS17850
TU286Y-2143	GO593_RS17845
TU286Y-2144	GO593_RS17790
TU286Y-2145	GO593_RS17785
TU286Y-2146	GO593_RS17690
TU286Y-2147	GO593_RS17685
TU286Y-2148	GO593_RS17605
TU286Y-2149	GO593_RS17580
TU286Y-2150	GO593_RS17555
TU286Y-2151	GO593_RS17535
TU286Y-2152	GO593_RS17530
TU286Y-2153	GO593_RS17525
TU286Y-2154	GO593_RS17520
TU286Y-2155	GO593_RS17515
TU286Y-2156	GO593_RS17390
TU286Y-2157	GO593_RS17300
TU286Y-2158	GO593_RS17015
TU286Y-2159	GO593_RS16985
TU286Y-2160	GO593_RS16870
TU286Y-2161	GO593_RS16865
TU286Y-2162	GO593_RS16860
TU286Y-2163	GO593_RS16855
TU286Y-2164	GO593_RS16830
TU286Y-2165	GO593_RS16790
TU286Y-2166	GO593_RS16750
TU286Y-2167	GO593_RS16690
TU286Y-2168	GO593_RS16685
TU286Y-2169	GO593_RS16615
TU286Y-2170	GO593_RS16600
TU286Y-2171	GO593_RS16580
TU286Y-2172	GO593_RS16575
TU286Y-2173	GO593_RS16550
TU286Y-2174	GO593_RS16520
TU286Y-2175	GO593_RS16475
TU286Y-2176	GO593_RS16460
TU286Y-2177	GO593_RS16405
TU286Y-2178	GO593_RS16320
TU286Y-2179	GO593_RS16290
TU286Y-2180	GO593_RS16285
TU286Y-2181	GO593_RS16230
TU286Y-2182	GO593_RS16225
TU286Y-2183	GO593_RS16220
TU286Y-2184	GO593_RS16175
TU286Y-2185	GO593_RS16170
TU286Y-2186	GO593_RS16165
TU286Y-2187	GO593_RS16160
TU286Y-2188	GO593_RS16155
TU286Y-2189	GO593_RS16080
TU286Y-2190	GO593_RS16075
TU286Y-2191	GO593_RS16035
TU286Y-2192	GO593_RS15980
TU286Y-2193	GO593_RS15955
TU286Y-2194	GO593_RS15950
TU286Y-2195	GO593_RS15795
TU286Y-2196	GO593_RS15790
TU286Y-2197	GO593_RS15690
TU286Y-2198	GO593_RS15675
TU286Y-2199	GO593_RS15340
TU286Y-2200	GO593_RS15315
TU286Y-2201	GO593_RS15310
TU286Y-2202	GO593_RS15305
TU286Y-2203	GO593_RS15300
TU286Y-2204	GO593_RS15295
TU286Y-2205	GO593_RS15290
TU286Y-2206	GO593_RS19090
TU286Y-2207	GO593_RS15280
TU286Y-2208	GO593_RS15275
TU286Y-2209	GO593_RS15270
TU286Y-2210	GO593_RS15255
TU286Y-2211	GO593_RS15250
TU286Y-2212	GO593_RS15200
TU286Y-2213	GO593_RS15180
TU286Y-2214	GO593_RS15175
TU286Y-2215	GO593_RS15170
TU286Y-2216	GO593_RS15165
TU286Y-2217	GO593_RS15105
TU286Y-2218	GO593_RS15085
TU286Y-2219	GO593_RS15080
TU286Y-2220	GO593_RS15010
TU286Y-2221	GO593_RS14995
TU286Y-2222	GO593_RS14885
TU286Y-2223	GO593_RS14870
TU286Y-2224	GO593_RS14850
TU286Y-2225	GO593_RS14845
TU286Y-2226	GO593_RS14810
TU286Y-2227	GO593_RS14690
TU286Y-2228	GO593_RS14660
TU286Y-2229	GO593_RS14630
TU286Y-2230	GO593_RS14590
TU286Y-2231	GO593_RS14570
TU286Y-2232	GO593_RS14565
TU286Y-2233	GO593_RS14560
TU286Y-2234	GO593_RS14555
TU286Y-2235	GO593_RS14550
TU286Y-2236	GO593_RS14545
TU286Y-2237	GO593_RS14495
TU286Y-2238	GO593_RS14490
TU286Y-2239	GO593_RS14485
TU286Y-2240	GO593_RS14435
TU286Y-2241	GO593_RS14430
TU286Y-2242	GO593_RS14415
TU286Y-2243	GO593_RS14350
TU286Y-2244	GO593_RS14345
TU286Y-2245	GO593_RS14280
TU286Y-2246	GO593_RS14275
TU286Y-2247	GO593_RS14270
TU286Y-2248	GO593_RS14170
TU286Y-2249	GO593_RS14150
TU286Y-2250	GO593_RS14065
TU286Y-2251	GO593_RS14060
TU286Y-2252	GO593_RS14010
TU286Y-2253	GO593_RS13955
TU286Y-2254	GO593_RS13825
TU286Y-2255	GO593_RS13820
TU286Y-2256	GO593_RS13815
TU286Y-2257	GO593_RS13790
TU286Y-2258	GO593_RS13585
TU286Y-2259	GO593_RS13270
TU286Y-2260	GO593_RS13265
TU286Y-2261	GO593_RS13260
TU286Y-2262	GO593_RS13230
TU286Y-2263	GO593_RS13210
TU286Y-2264	GO593_RS13190
TU286Y-2265	GO593_RS13170
TU286Y-2266	GO593_RS13110
TU286Y-2267	GO593_RS13105
TU286Y-2268	GO593_RS13015
TU286Y-2269	GO593_RS12995
TU286Y-2270	GO593_RS12965
TU286Y-2271	GO593_RS12960
TU286Y-2272	GO593_RS12955
TU286Y-2273	GO593_RS12950
TU286Y-2274	GO593_RS12945
TU286Y-2275	GO593_RS12755
TU286Y-2276	GO593_RS12715
TU286Y-2277	GO593_RS12580
TU286Y-2278	GO593_RS12545
TU286Y-2279	GO593_RS12540
TU286Y-2280	GO593_RS12515
TU286Y-2281	GO593_RS12380
TU286Y-2282	GO593_RS12375
TU286Y-2283	GO593_RS12275
TU286Y-2284	GO593_RS12250
TU286Y-2285	GO593_RS12245
TU286Y-2286	GO593_RS12170
TU286Y-2287	GO593_RS12150
TU286Y-2288	GO593_RS12100
TU286Y-2289	GO593_RS12095
TU286Y-2290	GO593_RS12060
TU286Y-2291	GO593_RS12055
TU286Y-2292	GO593_RS11960
TU286Y-2293	GO593_RS11955
TU286Y-2294	GO593_RS11950
TU286Y-2295	GO593_RS11945
TU286Y-2296	GO593_RS19070
TU286Y-2297	GO593_RS11590
TU286Y-2298	GO593_RS11525
TU286Y-2299	GO593_RS11490
TU286Y-2300	GO593_RS11395
TU286Y-2301	GO593_RS11375
TU286Y-2302	GO593_RS11370
TU286Y-2303	GO593_RS11340
TU286Y-2304	GO593_RS11335
TU286Y-2305	GO593_RS11310
TU286Y-2306	GO593_RS11305
TU286Y-2307	GO593_RS11290
TU286Y-2308	GO593_RS11275
TU286Y-2309	GO593_RS11270
TU286Y-2310	GO593_RS11210
TU286Y-2311	GO593_RS11185
TU286Y-2312	GO593_RS11180
TU286Y-2313	GO593_RS11175
TU286Y-2314	GO593_RS11170
TU286Y-2315	GO593_RS11165
TU286Y-2316	GO593_RS11150
TU286Y-2317	GO593_RS11075
TU286Y-2318	GO593_RS11060
TU286Y-2319	GO593_RS11030
TU286Y-2320	GO593_RS11025
TU286Y-2321	GO593_RS11020
TU286Y-2322	GO593_RS10930
TU286Y-2323	GO593_RS10925
TU286Y-2324	GO593_RS10865
TU286Y-2325	GO593_RS10690
TU286Y-2326	GO593_RS10685
TU286Y-2327	GO593_RS10670
TU286Y-2328	GO593_RS10655
TU286Y-2329	GO593_RS10650
TU286Y-2330	GO593_RS10435
TU286Y-2331	GO593_RS10405
TU286Y-2332	GO593_RS10375
TU286Y-2333	GO593_RS10305
TU286Y-2334	GO593_RS10300
TU286Y-2335	GO593_RS10295
TU286Y-2336	GO593_RS10155
TU286Y-2337	GO593_RS10105
TU286Y-2338	GO593_RS10085
TU286Y-2339	GO593_RS10030
TU286Y-2340	GO593_RS10025
TU286Y-2341	GO593_RS10020
TU286Y-2342	GO593_RS09895
TU286Y-2343	GO593_RS09890
TU286Y-2344	GO593_RS09885
TU286Y-2345	GO593_RS09795
TU286Y-2346	GO593_RS09790
TU286Y-2347	GO593_RS09770
TU286Y-2348	GO593_RS09765
TU286Y-2349	GO593_RS09760
TU286Y-2350	GO593_RS09685
TU286Y-2351	GO593_RS09650
TU286Y-2352	GO593_RS09615
TU286Y-2353	GO593_RS09515
TU286Y-2354	GO593_RS09500
TU286Y-2355	GO593_RS09495
TU286Y-2356	GO593_RS09455
TU286Y-2357	GO593_RS09450
TU286Y-2358	GO593_RS09430
TU286Y-2359	GO593_RS09405
TU286Y-2360	GO593_RS09380
TU286Y-2361	GO593_RS09330
TU286Y-2362	GO593_RS09235
TU286Y-2363	GO593_RS09230
TU286Y-2364	GO593_RS09185
TU286Y-2365	GO593_RS09005
TU286Y-2366	GO593_RS09000
TU286Y-2367	GO593_RS08895
TU286Y-2368	GO593_RS08685
TU286Y-2369	GO593_RS08680
TU286Y-2370	GO593_RS08620
TU286Y-2371	GO593_RS08615
TU286Y-2372	GO593_RS08610
TU286Y-2373	GO593_RS08605
TU286Y-2374	GO593_RS08570
TU286Y-2375	GO593_RS08565
TU286Y-2376	GO593_RS08560
TU286Y-2377	GO593_RS08540
TU286Y-2378	GO593_RS08485
TU286Y-2379	GO593_RS08480
TU286Y-2380	GO593_RS08475
TU286Y-2381	GO593_RS08415
TU286Y-2382	GO593_RS08385
TU286Y-2383	GO593_RS08380
TU286Y-2384	GO593_RS08300
TU286Y-2385	GO593_RS08280
TU286Y-2386	GO593_RS08275
TU286Y-2387	GO593_RS08090
TU286Y-2388	GO593_RS08055
TU286Y-2389	GO593_RS08050
TU286Y-2390	GO593_RS08025
TU286Y-2391	GO593_RS08020
TU286Y-2392	GO593_RS07975
TU286Y-2393	GO593_RS07715
TU286Y-2394	GO593_RS07615
TU286Y-2395	GO593_RS07600
TU286Y-2396	GO593_RS07595
TU286Y-2397	GO593_RS07580
TU286Y-2398	GO593_RS07445
TU286Y-2399	GO593_RS07310
TU286Y-2400	GO593_RS07305
TU286Y-2401	GO593_RS07300
TU286Y-2402	GO593_RS07250
TU286Y-2403	GO593_RS07245
TU286Y-2404	GO593_RS07240
TU286Y-2405	GO593_RS07110
TU286Y-2406	GO593_RS07080
TU286Y-2407	GO593_RS07075
TU286Y-2408	GO593_RS07070
TU286Y-2409	GO593_RS07045
TU286Y-2410	GO593_RS07020
TU286Y-2411	GO593_RS07015
TU286Y-2412	GO593_RS06950
TU286Y-2413	GO593_RS06925
TU286Y-2414	GO593_RS06805
TU286Y-2415	GO593_RS06785
TU286Y-2416	GO593_RS06705
TU286Y-2417	GO593_RS06515
TU286Y-2418	GO593_RS06375
TU286Y-2419	GO593_RS06310
TU286Y-2420	GO593_RS06305
TU286Y-2421	GO593_RS06250
TU286Y-2422	GO593_RS06155
TU286Y-2423	GO593_RS06150
TU286Y-2424	GO593_RS06115
TU286Y-2425	GO593_RS06035
TU286Y-2426	GO593_RS06010
TU286Y-2427	GO593_RS05995
TU286Y-2428	GO593_RS05895
TU286Y-2429	GO593_RS05890
TU286Y-2430	GO593_RS05850
TU286Y-2431	GO593_RS05740
TU286Y-2432	GO593_RS05690
TU286Y-2433	GO593_RS05635
TU286Y-2434	GO593_RS05605
TU286Y-2435	GO593_RS05545
TU286Y-2436	GO593_RS05530
TU286Y-2437	GO593_RS05475
TU286Y-2438	GO593_RS05445
TU286Y-2439	GO593_RS05410
TU286Y-2440	GO593_RS05370
TU286Y-2441	GO593_RS05365
TU286Y-2442	GO593_RS05360
TU286Y-2443	GO593_RS05345
TU286Y-2444	GO593_RS05310
TU286Y-2445	GO593_RS05305
TU286Y-2446	GO593_RS05300
TU286Y-2447	GO593_RS05275
TU286Y-2448	GO593_RS05230
TU286Y-2449	GO593_RS05225
TU286Y-2450	GO593_RS05200
TU286Y-2451	GO593_RS05145
TU286Y-2452	GO593_RS05140
TU286Y-2453	GO593_RS05115
TU286Y-2454	GO593_RS05070
TU286Y-2455	GO593_RS05065
TU286Y-2456	GO593_RS05060
TU286Y-2457	GO593_RS05030
TU286Y-2458	GO593_RS05025
TU286Y-2459	GO593_RS05005
TU286Y-2460	GO593_RS05000
TU286Y-2461	GO593_RS04910
TU286Y-2462	GO593_RS04870
TU286Y-2463	GO593_RS04865
TU286Y-2464	GO593_RS04775
TU286Y-2465	GO593_RS04440
TU286Y-2466	GO593_RS04410
TU286Y-2467	GO593_RS04370
TU286Y-2468	GO593_RS04365
TU286Y-2469	GO593_RS04360
TU286Y-2470	GO593_RS04355
TU286Y-2471	GO593_RS04290
TU286Y-2472	GO593_RS04255
TU286Y-2473	GO593_RS04060
TU286Y-2474	GO593_RS03990
TU286Y-2475	GO593_RS03985
TU286Y-2476	GO593_RS03980
TU286Y-2477	GO593_RS03965
TU286Y-2478	GO593_RS03960
TU286Y-2479	GO593_RS03955
TU286Y-2480	GO593_RS03950
TU286Y-2481	GO593_RS03930
TU286Y-2482	GO593_RS03825
TU286Y-2483	GO593_RS03730
TU286Y-2484	GO593_RS03725
TU286Y-2485	GO593_RS03720
TU286Y-2486	GO593_RS03635
TU286Y-2487	GO593_RS03610
TU286Y-2488	GO593_RS03595
TU286Y-2489	GO593_RS03505
TU286Y-2490	GO593_RS03490
TU286Y-2491	GO593_RS03485
TU286Y-2492	GO593_RS03460
TU286Y-2493	GO593_RS03455
TU286Y-2494	GO593_RS03440
TU286Y-2495	GO593_RS03400
TU286Y-2496	GO593_RS03360
TU286Y-2497	GO593_RS03215
TU286Y-2498	GO593_RS02985
TU286Y-2499	GO593_RS02980
TU286Y-2500	GO593_RS02945
TU286Y-2501	GO593_RS02870
TU286Y-2502	GO593_RS02855
TU286Y-2503	GO593_RS02750
TU286Y-2504	GO593_RS02745
TU286Y-2505	GO593_RS02715
TU286Y-2506	GO593_RS02615
TU286Y-2507	GO593_RS02610
TU286Y-2508	GO593_RS02560
TU286Y-2509	GO593_RS02555
TU286Y-2510	GO593_RS02550
TU286Y-2511	GO593_RS02520
TU286Y-2512	GO593_RS02490
TU286Y-2513	GO593_RS02455
TU286Y-2514	GO593_RS02450
TU286Y-2515	GO593_RS02420
TU286Y-2516	GO593_RS02375
TU286Y-2517	GO593_RS02330
TU286Y-2518	GO593_RS02300
TU286Y-2519	GO593_RS02295
TU286Y-2520	GO593_RS02290
TU286Y-2521	GO593_RS02255
TU286Y-2522	GO593_RS02240
TU286Y-2523	GO593_RS02235
TU286Y-2524	GO593_RS02230
TU286Y-2525	GO593_RS02200
TU286Y-2526	GO593_RS02195
TU286Y-2527	GO593_RS02125
TU286Y-2528	GO593_RS02060
TU286Y-2529	GO593_RS02025
TU286Y-2530	GO593_RS01955
TU286Y-2531	GO593_RS01885
TU286Y-2532	GO593_RS01880
TU286Y-2533	GO593_RS01840
TU286Y-2534	GO593_RS01785
TU286Y-2535	GO593_RS01720
TU286Y-2536	GO593_RS01705
TU286Y-2537	GO593_RS01680
TU286Y-2538	GO593_RS01615
TU286Y-2539	GO593_RS01535
TU286Y-2540	GO593_RS01530
TU286Y-2541	GO593_RS01485
TU286Y-2542	GO593_RS01480
TU286Y-2543	GO593_RS01475
TU286Y-2544	GO593_RS01420
TU286Y-2545	GO593_RS01415
TU286Y-2546	GO593_RS01410
TU286Y-2547	GO593_RS01390
TU286Y-2548	GO593_RS01285
TU286Y-2549	GO593_RS01215
TU286Y-2550	GO593_RS01210
TU286Y-2551	GO593_RS01195
TU286Y-2552	GO593_RS01190
TU286Y-2553	GO593_RS01185
TU286Y-2554	GO593_RS01180
TU286Y-2555	GO593_RS01095
TU286Y-2556	GO593_RS00950
TU286Y-2557	GO593_RS00915
TU286Y-2558	GO593_RS00895
TU286Y-2559	GO593_RS00800
TU286Y-2560	GO593_RS00515
TU286Y-2561	GO593_RS00430
TU286Y-2562	GO593_RS00425
TU286Y-2563	GO593_RS00420
TU286Y-2564	GO593_RS00355
TU286Y-2565	GO593_RS00350
TU286Y-2566	GO593_RS00345
TU286Y-2567	GO593_RS00340
TU286Y-2568	GO593_RS00315
TU286Y-2569	GO593_RS00310
TU286Y-2570	GO593_RS00285
TU286Y-2571	GO593_RS00270
TU286Y-2572	GO593_RS00190
TU286Y-2573	GO593_RS00115
TU286Y-2574	GO593_RS00070
TU286Y-2575	GO593_RS00050
